{
    "__comment": "runs a function when you are tagged",
    "criteria": {
        "death": {
            "trigger": "minecraft:tick",
            "conditions": {
                "player": [
                    {
                        "condition": "minecraft:entity_scores",
                        "entity": "this",
                        "scores": {"death_tracker": 1}
                    }
                ]
            }
        }
    },
    "rewards": {
        "function": "taggame:player_it"
    }
}