{"stats":{"minecraft:custom":{"minecraft:time_since_rest":2832,"minecraft:crouch_one_cm":8437,"minecraft:play_one_minute":163945,"minecraft:sprint_one_cm":104016,"minecraft:deaths":49,"minecraft:damage_taken":25371,"minecraft:walk_one_cm":142140,"minecraft:sneak_time":18500,"minecraft:drop":16,"minecraft:jump":1577,"minecraft:damage_dealt":1063,"minecraft:leave_game":2,"minecraft:time_since_death":2832,"minecraft:climb_one_cm":603309,"minecraft:player_kills":14,"minecraft:fall_one_cm":423053,"minecraft:fly_one_cm":322078},"minecraft:picked_up":{"minecraft:cooked_beef":10,"minecraft:arrow":1,"minecraft:bow":2},"minecraft:killed_by":{"minecraft:player":34},"minecraft:dropped":{"minecraft:bow":3,"minecraft:arrow":2,"minecraft:cooked_beef":10,"minecraft:stick":1},"minecraft:used":{"minecraft:bow":534,"minecraft:cooked_beef":64}},"DataVersion":2584}