{"stats":{"minecraft:custom":{"minecraft:time_since_rest":26254,"minecraft:crouch_one_cm":77326,"minecraft:play_one_minute":222834,"minecraft:deaths":30,"minecraft:sprint_one_cm":90458,"minecraft:damage_taken":24081,"minecraft:walk_one_cm":113279,"minecraft:sneak_time":78405,"minecraft:drop":2,"minecraft:jump":2604,"minecraft:damage_dealt":5394,"minecraft:leave_game":3,"minecraft:time_since_death":26253,"minecraft:climb_one_cm":871638,"minecraft:fall_one_cm":519593,"minecraft:fly_one_cm":530852,"minecraft:player_kills":77},"minecraft:picked_up":{"minecraft:stone_sword":1,"minecraft:bow":1},"minecraft:killed_by":{"minecraft:player":21},"minecraft:dropped":{"minecraft:bow":1,"minecraft:stone_sword":1},"minecraft:used":{"minecraft:fishing_rod":33,"minecraft:wooden_sword":142,"minecraft:stone_sword":131,"minecraft:bow":1320,"minecraft:cooked_beef":130},"minecraft:broken":{"minecraft:stone_sword":1}},"DataVersion":2584}