{"stats":{"minecraft:picked_up":{"minecraft:stick":1,"minecraft:arrow":1,"minecraft:bow":1},"minecraft:killed_by":{"minecraft:player":19},"minecraft:used":{"minecraft:fishing_rod":320,"minecraft:wooden_sword":118,"minecraft:stone_sword":94,"minecraft:bow":554,"minecraft:ladder":2,"minecraft:cooked_beef":90},"minecraft:custom":{"minecraft:time_since_rest":21247,"minecraft:crouch_one_cm":86261,"minecraft:play_one_minute":153075,"minecraft:sprint_one_cm":107626,"minecraft:deaths":30,"minecraft:damage_taken":19170,"minecraft:walk_one_cm":36703,"minecraft:sneak_time":50835,"minecraft:jump":1910,"minecraft:damage_dealt":3563,"minecraft:leave_game":2,"minecraft:time_since_death":21244,"minecraft:climb_one_cm":1054820,"minecraft:fall_one_cm":446679,"minecraft:fly_one_cm":520696,"minecraft:player_kills":13}},"DataVersion":2586}