{"stats":{"minecraft:custom":{"minecraft:jump":335,"minecraft:time_since_rest":129,"minecraft:damage_dealt":625,"minecraft:crouch_one_cm":3598,"minecraft:play_one_minute":25409,"minecraft:leave_game":1,"minecraft:deaths":19,"minecraft:sprint_one_cm":28671,"minecraft:damage_taken":5339,"minecraft:time_since_death":127,"minecraft:walk_one_cm":22960,"minecraft:sneak_time":4665,"minecraft:climb_one_cm":143010,"minecraft:fall_one_cm":97120,"minecraft:fly_one_cm":61146},"minecraft:killed_by":{"minecraft:player":2},"minecraft:used":{"minecraft:cooked_beef":2,"minecraft:fishing_rod":129,"minecraft:wooden_sword":25,"minecraft:bow":36}},"DataVersion":2584}