{"stats":{"minecraft:picked_up":{"minecraft:fishing_rod":1,"minecraft:wooden_sword":1,"minecraft:cooked_beef":118,"minecraft:arrow":5,"minecraft:bow":1},"minecraft:killed_by":{"minecraft:player":3},"minecraft:used":{"minecraft:fishing_rod":15,"minecraft:wooden_sword":30,"minecraft:bow":82,"minecraft:cooked_beef":5},"minecraft:custom":{"minecraft:time_since_rest":9784,"minecraft:crouch_one_cm":14987,"minecraft:play_one_minute":33061,"minecraft:deaths":6,"minecraft:sprint_one_cm":16228,"minecraft:damage_taken":2531,"minecraft:walk_one_cm":21017,"minecraft:sneak_time":10118,"minecraft:jump":408,"minecraft:damage_dealt":648,"minecraft:leave_game":1,"minecraft:time_since_death":9782,"minecraft:climb_one_cm":147173,"minecraft:fall_one_cm":99015,"minecraft:fly_one_cm":272763}},"DataVersion":2586}