{"stats":{"minecraft:killed_by":{"minecraft:player":6},"minecraft:crafted":{"minecraft:oak_planks":24,"minecraft:dark_oak_planks":4},"minecraft:custom":{"minecraft:time_since_rest":551,"minecraft:sprint_one_cm":70837,"minecraft:damage_taken":1789,"minecraft:walk_one_cm":74722,"minecraft:drop":37,"minecraft:minecart_one_cm":9143,"minecraft:damage_dealt":712,"minecraft:fly_one_cm":361440,"minecraft:player_kills":3,"minecraft:open_chest":16,"minecraft:crouch_one_cm":2781,"minecraft:play_one_minute":52247,"minecraft:deaths":7,"minecraft:bell_ring":86,"minecraft:sneak_time":5021,"minecraft:boat_one_cm":638,"minecraft:jump":353,"minecraft:leave_game":4,"minecraft:time_since_death":527,"minecraft:fall_one_cm":894},"minecraft:used":{"minecraft:spider_spawn_egg":1,"minecraft:andesite_wall":12,"minecraft:black_wool":1,"minecraft:dark_oak_log":6,"minecraft:red_wool":3,"minecraft:silverfish_spawn_egg":13,"minecraft:sandstone":18,"minecraft:bell":5,"minecraft:item_frame":2,"minecraft:red_carpet":4,"minecraft:bow":50,"minecraft:snow":149,"minecraft:dark_oak_fence":6,"minecraft:minecart":1,"minecraft:cave_spider_spawn_egg":1,"minecraft:oak_boat":1,"minecraft:dark_oak_fence_gate":8,"minecraft:spruce_log":6,"minecraft:lime_glazed_terracotta":5},"minecraft:picked_up":{"minecraft:sandstone":4,"minecraft:yellow_concrete":5,"minecraft:dark_oak_log":3,"minecraft:dark_oak_fence_gate":5,"minecraft:dark_oak_planks":4,"minecraft:andesite_wall":5,"minecraft:red_carpet":4,"minecraft:item_frame":5,"minecraft:bow":10,"minecraft:bell":1,"minecraft:dark_oak_fence":5},"minecraft:dropped":{"minecraft:gray_concrete":64,"minecraft:dark_oak_log":1,"minecraft:diamond_axe":1,"minecraft:oak_log":58,"minecraft:dark_oak_fence":1,"minecraft:diamond_pickaxe":2,"minecraft:pink_wool":64,"minecraft:white_concrete":64,"minecraft:yellow_concrete":1,"minecraft:diamond_hoe":1,"minecraft:yellow_wool":64,"minecraft:lime_wool":64,"minecraft:andesite_wall":1,"minecraft:light_gray_wool":64,"minecraft:purple_concrete":64,"minecraft:oak_planks":24,"minecraft:blue_concrete":64,"minecraft:diamond_shovel":1,"minecraft:sandstone":1,"minecraft:bow":2,"minecraft:cyan_concrete":64,"minecraft:red_wool":64,"minecraft:black_concrete":64,"minecraft:magenta_concrete":64,"minecraft:light_blue_concrete":64,"minecraft:orange_wool":64,"minecraft:shears":1,"minecraft:white_wool":128,"minecraft:dark_oak_fence_gate":1,"minecraft:brown_concrete":64,"minecraft:red_carpet":1,"minecraft:item_frame":1,"minecraft:green_wool":64}},"DataVersion":2580}