{"stats":{"minecraft:dropped":{"minecraft:blue_wool":40,"minecraft:oak_planks":32,"minecraft:acacia_fence":1,"minecraft:gray_wool":64,"minecraft:light_blue_wool":112,"minecraft:cyan_wool":58,"minecraft:dark_prismarine":32},"minecraft:picked_up":{"minecraft:black_carpet":21,"minecraft:light_blue_concrete":64,"minecraft:yellow_wool":64,"minecraft:oak_stairs":1,"minecraft:wither_rose":1,"minecraft:warped_stairs":1,"minecraft:blue_concrete":66,"minecraft:string":2,"minecraft:oak_sign":12,"minecraft:acacia_sign":1,"minecraft:coal_block":32,"minecraft:furnace":1,"minecraft:blue_wool":48,"minecraft:acacia_fence":1,"minecraft:composter":2,"minecraft:oak_fence":6,"minecraft:acacia_log":3,"minecraft:crimson_button":2,"minecraft:netherite_shovel":1,"minecraft:warped_planks":128,"minecraft:quartz_block":1,"minecraft:light_blue_wool":113,"minecraft:red_tulip":7,"minecraft:green_wool":64,"minecraft:cobblestone":2,"minecraft:barrier":1,"minecraft:flint":1,"minecraft:gray_concrete":64,"minecraft:wheat_seeds":1,"minecraft:netherite_axe":1,"minecraft:bamboo":2,"minecraft:cyan_concrete":64,"minecraft:oak_planks":56,"minecraft:red_terracotta":16,"minecraft:orange_wool":64,"minecraft:dark_prismarine":1,"minecraft:quartz_bricks":7,"minecraft:yellow_carpet":5,"minecraft:green_concrete":1,"minecraft:black_concrete":65,"minecraft:polished_blackstone_button":2,"minecraft:white_concrete":68,"minecraft:bricks":3,"minecraft:crimson_roots":1,"minecraft:diamond_pickaxe":2,"minecraft:ladder":4,"minecraft:clay_ball":4,"minecraft:pink_wool":64,"minecraft:acacia_button":2,"minecraft:item_frame":1,"minecraft:white_carpet":1,"minecraft:cyan_carpet":4,"minecraft:detector_rail":1,"minecraft:cyan_wool":58,"minecraft:poppy":2,"minecraft:chest":3,"minecraft:light_gray_wool":64,"minecraft:diamond_hoe":1,"minecraft:lime_wool":64,"minecraft:stone":9,"minecraft:oak_door":7,"minecraft:stone_button":2,"minecraft:netherite_pickaxe":2,"minecraft:blue_carpet":19,"minecraft:nether_bricks":4,"minecraft:shears":2,"minecraft:sandstone_stairs":2,"minecraft:white_wool":128,"minecraft:rail":31,"minecraft:brown_concrete":64,"minecraft:oak_log":60,"minecraft:yellow_bed":12,"minecraft:red_carpet":18,"minecraft:stone_bricks":8,"minecraft:iron_ingot":3,"minecraft:oak_fence_gate":1,"minecraft:purple_concrete":64,"minecraft:oak_slab":62,"minecraft:stone_brick_slab":4,"minecraft:red_wool":68,"minecraft:dandelion":2,"minecraft:gravel":2,"minecraft:spruce_log":8,"minecraft:green_carpet":2,"minecraft:spider_eye":1,"minecraft:diamond_shovel":1,"minecraft:pumpkin_seeds":8,"minecraft:light_blue_carpet":3,"minecraft:diamond_axe":1,"minecraft:gray_wool":64,"minecraft:netherite_hoe":1,"minecraft:magenta_concrete":64,"minecraft:coal":56},"minecraft:killed":{"minecraft:cave_spider":2,"minecraft:spider":2,"minecraft:silverfish":1,"minecraft:iron_golem":1},"minecraft:used":{"minecraft:blue_terracotta":5,"minecraft:jack_o_lantern":1,"minecraft:red_sand":5,"minecraft:melon":1,"minecraft:spruce_slab":60,"minecraft:bone_block":51,"minecraft:diamond_hoe":2,"minecraft:ladder":28,"minecraft:oak_sign":20,"minecraft:black_carpet":22,"minecraft:polished_basalt":25,"minecraft:chest":81,"minecraft:white_terracotta":53,"minecraft:stone":438,"minecraft:grass":2,"minecraft:bell":2,"minecraft:farmland":21,"minecraft:soul_sand":50,"minecraft:blue_stained_glass":1,"minecraft:orange_glazed_terracotta":4,"minecraft:nether_bricks":34,"minecraft:prismarine_brick_stairs":25,"minecraft:orange_wool":26,"minecraft:pink_terracotta":3,"minecraft:cyan_wool":17,"minecraft:obsidian":96,"minecraft:glass":12,"minecraft:packed_ice":16,"minecraft:honey_block":41,"minecraft:cyan_terracotta":739,"minecraft:lava_bucket":1,"minecraft:bricks":57,"minecraft:red_wool":66,"minecraft:black_stained_glass_pane":15,"minecraft:lantern":3,"minecraft:grass_block":864,"minecraft:quartz_block":38,"minecraft:green_wool":34,"minecraft:dark_oak_leaves":15,"minecraft:crimson_roots":4,"minecraft:dark_oak_button":2,"minecraft:pink_wool":45,"minecraft:stone_brick_stairs":47,"minecraft:stone_bricks":231,"minecraft:bedrock":123,"minecraft:repeater":7,"minecraft:birch_button":3,"minecraft:red_nether_brick_wall":3,"minecraft:honeycomb_block":62,"minecraft:red_carpet":53,"minecraft:redstone_lamp":9,"minecraft:magma_block":11,"minecraft:brown_carpet":1,"minecraft:hay_block":14,"minecraft:yellow_glazed_terracotta":16,"minecraft:oak_sapling":2,"minecraft:furnace":26,"minecraft:acacia_fence":14,"minecraft:gold_block":47,"minecraft:lime_glazed_terracotta":12,"minecraft:light_blue_carpet":3,"minecraft:dark_oak_stairs":3,"minecraft:chiseled_polished_blackstone":9,"minecraft:diorite":66,"minecraft:end_stone_bricks":57,"minecraft:spruce_door":4,"minecraft:red_stained_glass":20,"minecraft:dark_oak_sign":20,"minecraft:prismarine":8,"minecraft:oak_planks":230,"minecraft:polished_diorite_slab":3,"minecraft:blackstone":45,"minecraft:sandstone":290,"minecraft:redstone_block":48,"minecraft:black_glazed_terracotta":7,"minecraft:composter":6,"minecraft:clay":1,"minecraft:purpur_pillar":23,"minecraft:oak_leaves":137,"minecraft:white_wool":89,"minecraft:sand":221,"minecraft:yellow_terracotta":3,"minecraft:light_blue_wool":56,"minecraft:blast_furnace":2,"minecraft:yellow_concrete":18,"minecraft:sponge":185,"minecraft:chiseled_quartz_block":1,"minecraft:gray_concrete":72,"minecraft:end_stone":62,"minecraft:birch_fence":2,"minecraft:black_terracotta":8,"minecraft:green_concrete":35,"minecraft:black_concrete":136,"minecraft:chiseled_sandstone":7,"minecraft:daylight_detector":4,"minecraft:dark_oak_log":18,"minecraft:birch_slab":7,"minecraft:light_gray_concrete":1,"minecraft:brown_wool":16,"minecraft:string":10,"minecraft:barrier":19,"minecraft:warped_slab":13,"minecraft:stone_button":7,"minecraft:cyan_carpet":4,"minecraft:red_terracotta":112,"minecraft:diamond_ore":1,"minecraft:iron_door":2,"minecraft:gravel":118,"minecraft:stripped_warped_hyphae":1,"minecraft:diamond_sword":21,"minecraft:coal_block":38,"minecraft:dark_oak_fence":12,"minecraft:andesite":15,"minecraft:birch_log":31,"minecraft:chain":49,"minecraft:smooth_stone_slab":87,"minecraft:oak_boat":5,"minecraft:white_concrete":110,"minecraft:coarse_dirt":44,"minecraft:bone_meal":2,"minecraft:purple_wool":34,"minecraft:cobweb":16,"minecraft:oak_fence":126,"minecraft:oak_trapdoor":6,"minecraft:purpur_block":157,"minecraft:jungle_leaves":50,"minecraft:iron_bars":114,"minecraft:acacia_log":3,"minecraft:orange_concrete":3,"minecraft:dead_bush":3,"minecraft:red_concrete":64,"minecraft:redstone":35,"minecraft:light_blue_terracotta":19,"minecraft:spruce_planks":4,"minecraft:sandstone_wall":4,"minecraft:structure_block":26,"minecraft:netherrack":76,"minecraft:oak_door":6,"minecraft:anvil":1,"minecraft:red_nether_brick_slab":3,"minecraft:dirt":37,"minecraft:ancient_debris":4,"minecraft:target":1,"minecraft:white_carpet":1,"minecraft:hopper":17,"minecraft:prismarine_bricks":21,"minecraft:twisting_vines":5,"minecraft:spruce_stairs":29,"minecraft:stone_stairs":26,"minecraft:yellow_carpet":5,"minecraft:oak_wood":2,"minecraft:granite":119,"minecraft:light_blue_stained_glass":1,"minecraft:blue_concrete":65,"minecraft:nether_brick_stairs":28,"minecraft:oak_fence_gate":3,"minecraft:polished_diorite":76,"minecraft:shroomlight":8,"minecraft:andesite_wall":17,"minecraft:purple_stained_glass_pane":18,"minecraft:stone_brick_slab":17,"minecraft:sea_lantern":4,"minecraft:red_tulip":5,"minecraft:bookshelf":59,"minecraft:iron_block":18,"minecraft:oak_stairs":14,"minecraft:smooth_sandstone":53,"minecraft:acacia_slab":16,"minecraft:jungle_log":19,"minecraft:smooth_quartz":37,"minecraft:crimson_planks":116,"minecraft:barrel":15,"minecraft:bamboo":27,"minecraft:light_gray_wool":20,"minecraft:glowstone":9,"minecraft:warped_stairs":33,"minecraft:emerald_block":27,"minecraft:soul_soil":44,"minecraft:podzol":1,"minecraft:netherite_pickaxe":58,"minecraft:stone_pressure_plate":1,"minecraft:acacia_planks":36,"minecraft:pumpkin":3,"minecraft:quartz_bricks":105,"minecraft:pink_tulip":1,"minecraft:iron_ore":16,"minecraft:cobblestone_stairs":13,"minecraft:light_blue_glazed_terracotta":31,"minecraft:pink_glazed_terracotta":12,"minecraft:sandstone_stairs":38,"minecraft:snow_block":146,"minecraft:birch_planks":6,"minecraft:polished_andesite":270,"minecraft:lime_wool":32,"minecraft:red_nether_bricks":10,"minecraft:blue_wool":152,"minecraft:andesite_slab":2,"minecraft:purple_glazed_terracotta":2,"minecraft:cauldron":1,"minecraft:stonecutter":2,"minecraft:cobblestone_slab":23,"minecraft:cracked_stone_bricks":5,"minecraft:mossy_cobblestone":22,"minecraft:diamond_block":104,"minecraft:rail":71,"minecraft:oak_slab":48,"minecraft:crafting_table":8,"minecraft:crimson_trapdoor":3,"minecraft:red_bed":3,"minecraft:magenta_bed":1,"minecraft:birch_sign":2,"minecraft:campfire":2,"minecraft:spruce_log":92,"minecraft:warped_planks":5,"minecraft:nether_gold_ore":4,"minecraft:cyan_stained_glass":14,"minecraft:oak_log":115,"minecraft:blue_stained_glass_pane":49,"minecraft:netherite_block":53,"minecraft:piston":3,"minecraft:dark_prismarine":100,"minecraft:flower_pot":4,"minecraft:black_wool":170,"minecraft:acacia_sign":3,"minecraft:command_block":130,"minecraft:sunflower":1,"minecraft:netherite_axe":24,"minecraft:detector_rail":3,"minecraft:stone_slab":32,"minecraft:purpur_slab":4,"minecraft:crimson_nylium":51,"minecraft:yellow_wool":56,"minecraft:blue_carpet":81,"minecraft:chiseled_stone_bricks":1,"minecraft:cobblestone":299,"minecraft:cooked_porkchop":1,"minecraft:sandstone_slab":20,"minecraft:lapis_block":29,"minecraft:repeating_command_block":13,"minecraft:yellow_bed":4,"minecraft:wither_rose":2,"minecraft:polished_blackstone_button":4,"minecraft:dandelion":2,"minecraft:gray_wool":3,"minecraft:smooth_stone":133,"minecraft:birch_stairs":1},"minecraft:crafted":{"minecraft:brick":4,"minecraft:oak_planks":648,"minecraft:barrel":5,"minecraft:quartz_bricks":8,"minecraft:chain":29,"minecraft:iron_bars":112,"minecraft:quartz_block":9,"minecraft:stone_brick_slab":18,"minecraft:stone_pressure_plate":1,"minecraft:chest":18,"minecraft:acacia_fence":3,"minecraft:rail":160,"minecraft:stone_bricks":224,"minecraft:oak_fence":57,"minecraft:flower_pot":1,"minecraft:warped_stairs":20,"minecraft:oak_slab":54,"minecraft:spruce_planks":64,"minecraft:stone_brick_stairs":12,"minecraft:stick":224,"minecraft:iron_ingot":1323,"minecraft:iron_block":64,"minecraft:cyan_carpet":9,"minecraft:composter":4,"minecraft:sandstone_stairs":40,"minecraft:oak_door":3,"minecraft:coal":18,"minecraft:redstone":144,"minecraft:smooth_stone_slab":60,"minecraft:iron_nugget":126,"minecraft:spruce_button":32,"minecraft:furnace":5,"minecraft:stone_button":2,"minecraft:yellow_bed":4,"minecraft:white_carpet":3,"minecraft:quartz":36,"minecraft:detector_rail":6,"minecraft:ladder":9,"minecraft:yellow_carpet":6,"minecraft:air":0,"minecraft:light_blue_carpet":12,"minecraft:oak_fence_gate":1,"minecraft:sandstone_wall":10,"minecraft:oak_stairs":16,"minecraft:black_carpet":33,"minecraft:black_stained_glass_pane":16,"minecraft:acacia_planks":64,"minecraft:blue_carpet":24},"minecraft:custom":{"minecraft:interact_with_crafting_table":66,"minecraft:open_barrel":2,"minecraft:leave_game":27,"minecraft:time_since_death":177308,"minecraft:sprint_one_cm":1439075,"minecraft:drop":10,"minecraft:deaths":4,"minecraft:jump":14023,"minecraft:interact_with_furnace":71,"minecraft:play_one_minute":1306250,"minecraft:damage_dealt":1600,"minecraft:crouch_one_cm":99156,"minecraft:mob_kills":6,"minecraft:interact_with_anvil":1,"minecraft:inspect_hopper":11,"minecraft:climb_one_cm":5814,"minecraft:walk_one_cm":1660910,"minecraft:sneak_time":49291,"minecraft:tune_noteblock":1,"minecraft:pot_flower":3,"minecraft:interact_with_stonecutter":10,"minecraft:time_since_rest":177331,"minecraft:damage_taken":1819,"minecraft:fly_one_cm":7742926,"minecraft:open_chest":464,"minecraft:fall_one_cm":37517},"minecraft:mined":{"minecraft:blue_carpet":2,"minecraft:jungle_leaves":3,"minecraft:warped_stairs":1,"minecraft:acacia_log":3,"minecraft:blue_concrete":2,"minecraft:white_concrete":4,"minecraft:green_concrete":1,"minecraft:composter":2,"minecraft:sandstone_stairs":2,"minecraft:black_carpet":1,"minecraft:oak_stairs":1,"minecraft:clay":1,"minecraft:chest":3,"minecraft:cobblestone":1,"minecraft:bricks":3,"minecraft:oak_log":2,"minecraft:oak_fence_gate":1,"minecraft:oak_leaves":1,"minecraft:dark_prismarine":2,"minecraft:light_blue_wool":1,"minecraft:oak_door":2,"minecraft:red_stained_glass":2,"minecraft:nether_bricks":4,"minecraft:furnace":1,"minecraft:black_concrete":1,"minecraft:detector_rail":1,"minecraft:rail":1,"minecraft:stone":10,"minecraft:red_wool":4,"minecraft:stone_brick_slab":2,"minecraft:oak_fence":7,"minecraft:red_terracotta":16,"minecraft:spruce_log":8,"minecraft:gravel":3,"minecraft:stone_bricks":7}},"DataVersion":2580}