{"stats":{"minecraft:killed_by":{"minecraft:player":3},"minecraft:mined":{"minecraft:oak_door":1,"minecraft:warped_stairs":17,"minecraft:nether_bricks":6,"minecraft:stone_button":1,"minecraft:green_concrete":1,"minecraft:sandstone":22,"minecraft:black_stained_glass_pane":2,"minecraft:nether_brick_stairs":7,"minecraft:bookshelf":18,"minecraft:oak_stairs":5,"minecraft:stone":7,"minecraft:red_wool":4,"minecraft:snow_block":7,"minecraft:oak_fence":2,"minecraft:clay":5,"minecraft:honey_block":9,"minecraft:chest":3,"minecraft:oak_planks":6,"minecraft:yellow_wool":1,"minecraft:birch_log":2,"minecraft:wither_rose":1,"minecraft:oak_log":14,"minecraft:oak_fence_gate":1,"minecraft:dirt":6,"minecraft:oak_leaves":83},"minecraft:crafted":{"minecraft:brick":7,"minecraft:oak_door":3,"minecraft:oak_planks":392,"minecraft:redstone":45,"minecraft:coal":9,"minecraft:iron_nugget":9,"minecraft:birch_slab":6,"minecraft:furnace":3,"minecraft:stone_button":2,"minecraft:warped_planks":128,"minecraft:lantern":1,"minecraft:detector_rail":6,"minecraft:stone_pressure_plate":1,"minecraft:chest":2,"minecraft:rail":48,"minecraft:gray_stained_glass_pane":32,"minecraft:stone_bricks":64,"minecraft:oak_fence":27,"minecraft:flower_pot":1,"minecraft:warped_stairs":40,"minecraft:oak_slab":24,"minecraft:crafting_table":1,"minecraft:birch_planks":12,"minecraft:air":0,"minecraft:stick":32,"minecraft:iron_ingot":342,"minecraft:red_nether_brick_stairs":32,"minecraft:oak_stairs":12,"minecraft:black_stained_glass_pane":16,"minecraft:composter":1,"minecraft:torch":4,"minecraft:nether_brick_stairs":40,"minecraft:sandstone_stairs":20},"minecraft:custom":{"minecraft:mob_kills":1,"minecraft:interact_with_crafting_table":35,"minecraft:leave_game":3,"minecraft:time_since_death":128704,"minecraft:climb_one_cm":2895,"minecraft:damage_resisted":940,"minecraft:sprint_one_cm":614636,"minecraft:walk_one_cm":332622,"minecraft:drop":7,"minecraft:deaths":3,"minecraft:sneak_time":11975,"minecraft:jump":3924,"minecraft:interact_with_furnace":6,"minecraft:play_one_minute":179827,"minecraft:pot_flower":1,"minecraft:interact_with_stonecutter":1,"minecraft:time_since_rest":128726,"minecraft:damage_taken":2500,"minecraft:damage_dealt":1215,"minecraft:fly_one_cm":1316016,"minecraft:player_kills":6,"minecraft:open_chest":99,"minecraft:crouch_one_cm":38562,"minecraft:fall_one_cm":100698},"minecraft:used":{"minecraft:oak_fence":28,"minecraft:purpur_block":36,"minecraft:red_concrete":16,"minecraft:chest":5,"minecraft:stone":41,"minecraft:bell":7,"minecraft:smooth_sandstone_stairs":2,"minecraft:oak_door":2,"minecraft:dirt":23,"minecraft:white_carpet":3,"minecraft:nether_bricks":35,"minecraft:blue_concrete":16,"minecraft:nether_brick_stairs":34,"minecraft:oak_fence_gate":1,"minecraft:andesite_wall":50,"minecraft:stone_brick_slab":5,"minecraft:packed_ice":49,"minecraft:honey_block":29,"minecraft:netherite_shovel":19,"minecraft:bookshelf":52,"minecraft:red_tulip":3,"minecraft:red_wool":10,"minecraft:black_stained_glass_pane":7,"minecraft:lantern":1,"minecraft:grass_block":2,"minecraft:oak_stairs":27,"minecraft:netherite_hoe":78,"minecraft:stone_brick_stairs":4,"minecraft:stone_bricks":6,"minecraft:bamboo":15,"minecraft:bedrock":1,"minecraft:birch_button":2,"minecraft:red_carpet":2,"minecraft:bow":71,"minecraft:warped_stairs":35,"minecraft:furnace":3,"minecraft:oak_sapling":3,"minecraft:netherite_pickaxe":45,"minecraft:pumpkin":3,"minecraft:lime_glazed_terracotta":16,"minecraft:acacia_boat":2,"minecraft:iron_ore":3,"minecraft:sandstone_stairs":12,"minecraft:snow_block":39,"minecraft:oak_planks":76,"minecraft:sandstone":109,"minecraft:composter":1,"minecraft:clay":5,"minecraft:oak_leaves":28,"minecraft:orange_carpet":1,"minecraft:rail":10,"minecraft:oak_slab":14,"minecraft:crafting_table":1,"minecraft:light_blue_wool":6,"minecraft:yellow_stained_glass_pane":6,"minecraft:crossbow":20,"minecraft:shears":5,"minecraft:oak_log":21,"minecraft:dark_prismarine":23,"minecraft:green_concrete":4,"minecraft:flower_pot":1,"minecraft:black_wool":1,"minecraft:black_concrete":15,"minecraft:birch_slab":4,"minecraft:string":4,"minecraft:stone_button":3,"minecraft:netherite_axe":69,"minecraft:detector_rail":1,"minecraft:red_terracotta":20,"minecraft:gravel":27,"minecraft:yellow_wool":9,"minecraft:dark_oak_fence":9,"minecraft:birch_log":4,"minecraft:wither_rose":2,"minecraft:oak_boat":2,"minecraft:white_concrete":15,"minecraft:bone_meal":11,"minecraft:gray_stained_glass":3},"minecraft:killed":{"minecraft:silverfish":1},"minecraft:picked_up":{"minecraft:ladder":1,"minecraft:clay_ball":20,"minecraft:yellow_wool":1,"minecraft:oak_stairs":5,"minecraft:wither_rose":2,"minecraft:warped_stairs":17,"minecraft:white_carpet":1,"minecraft:chest":3,"minecraft:stick":4,"minecraft:sandstone":22,"minecraft:stone":7,"minecraft:oak_door":3,"minecraft:oak_fence":1,"minecraft:stone_button":2,"minecraft:prismarine_crystals":2,"minecraft:nether_bricks":6,"minecraft:red_tulip":1,"minecraft:snowball":28,"minecraft:rail":2,"minecraft:birch_log":2,"minecraft:oak_log":14,"minecraft:dirt":6,"minecraft:lantern":1,"minecraft:oak_fence_gate":1,"minecraft:oak_planks":6,"minecraft:book":54,"minecraft:oak_slab":2,"minecraft:yellow_concrete":1,"minecraft:red_wool":4,"minecraft:black_stained_glass_pane":1,"minecraft:nether_brick_stairs":7,"minecraft:dark_prismarine":1,"minecraft:green_concrete":1,"minecraft:honey_block":9,"minecraft:bone_meal":12,"minecraft:oak_sapling":3},"minecraft:dropped":{"minecraft:yellow_concrete":1,"minecraft:sandstone_stairs":8,"minecraft:red_concrete":48,"minecraft:blue_concrete":48,"minecraft:green_concrete":61,"minecraft:red_terracotta":44,"minecraft:sandstone":62}},"DataVersion":2580}