{"stats":{"minecraft:mined":{"minecraft:oak_sapling":1,"minecraft:jungle_leaves":1,"minecraft:warped_stairs":3,"minecraft:blue_concrete":5,"minecraft:white_concrete":22,"minecraft:sandstone_stairs":1,"minecraft:black_carpet":3,"minecraft:oak_stairs":2,"minecraft:end_stone_bricks":1,"minecraft:clay":9,"minecraft:chest":1,"minecraft:cobblestone":3,"minecraft:oak_planks":5,"minecraft:wither_rose":1,"minecraft:stone_brick_stairs":4,"minecraft:grass":12,"minecraft:oak_log":39,"minecraft:dirt":5,"minecraft:oak_leaves":429,"minecraft:dark_prismarine":2,"minecraft:oak_door":1,"minecraft:red_stained_glass":2,"minecraft:dark_oak_log":1,"minecraft:nether_bricks":5,"minecraft:stone_button":2,"minecraft:furnace":1,"minecraft:warped_stem":1,"minecraft:stone":14,"minecraft:oak_slab":1,"minecraft:red_wool":3,"minecraft:snow_block":12,"minecraft:stone_brick_slab":8,"minecraft:crafting_table":1,"minecraft:red_concrete":1,"minecraft:red_terracotta":17,"minecraft:spruce_log":7,"minecraft:gravel":1,"minecraft:polished_andesite":1,"minecraft:stone_bricks":4},"minecraft:crafted":{"minecraft:brick":6,"minecraft:smooth_stone":32,"minecraft:oak_planks":532,"minecraft:chain":6,"minecraft:birch_slab":126,"minecraft:nether_brick":8,"minecraft:warped_planks":256,"minecraft:quartz_block":10,"minecraft:stone_brick_slab":12,"minecraft:stone_pressure_plate":4,"minecraft:chest":2,"minecraft:rail":80,"minecraft:oak_fence":78,"minecraft:flower_pot":2,"minecraft:warped_stairs":40,"minecraft:redstone_lamp":5,"minecraft:oak_slab":264,"minecraft:crafting_table":1,"minecraft:nether_brick_fence":24,"minecraft:birch_planks":128,"minecraft:stone_brick_stairs":4,"minecraft:stick":244,"minecraft:iron_ingot":108,"minecraft:snow_block":9,"minecraft:cyan_carpet":48,"minecraft:composter":1,"minecraft:sandstone_stairs":6,"minecraft:oak_door":3,"minecraft:redstone":54,"minecraft:coal":18,"minecraft:iron_nugget":90,"minecraft:furnace":15,"minecraft:stone_button":2,"minecraft:dark_oak_sign":12,"minecraft:quartz":40,"minecraft:white_carpet":48,"minecraft:lantern":6,"minecraft:detector_rail":24,"minecraft:smooth_quartz_slab":60,"minecraft:dark_oak_planks":256,"minecraft:dark_oak_stairs":40,"minecraft:yellow_carpet":48,"minecraft:air":0,"minecraft:light_blue_carpet":48,"minecraft:oak_stairs":44,"minecraft:black_carpet":48,"minecraft:black_stained_glass_pane":80,"minecraft:torch":8,"minecraft:nether_brick_stairs":40,"minecraft:blue_carpet":48},"minecraft:custom":{"minecraft:interact_with_crafting_table":47,"minecraft:leave_game":10,"minecraft:time_since_death":409123,"minecraft:sprint_one_cm":538553,"minecraft:drop":67,"minecraft:jump":5234,"minecraft:walk_on_water_one_cm":64,"minecraft:interact_with_furnace":104,"minecraft:play_one_minute":409123,"minecraft:damage_dealt":962,"minecraft:crouch_one_cm":34204,"minecraft:interact_with_anvil":2,"minecraft:inspect_hopper":2,"minecraft:fill_cauldron":1,"minecraft:interact_with_campfire":6,"minecraft:climb_one_cm":8016,"minecraft:walk_one_cm":916121,"minecraft:sneak_time":21769,"minecraft:tune_noteblock":17,"minecraft:pot_flower":2,"minecraft:interact_with_stonecutter":16,"minecraft:time_since_rest":409123,"minecraft:damage_taken":1211,"minecraft:fly_one_cm":3293634,"minecraft:open_chest":291,"minecraft:fall_one_cm":52101},"minecraft:used":{"minecraft:nether_brick_fence":36,"minecraft:red_sand":103,"minecraft:smooth_quartz_slab":6,"minecraft:ladder":19,"minecraft:oak_sign":33,"minecraft:black_carpet":82,"minecraft:polished_basalt":11,"minecraft:chest":22,"minecraft:stone":693,"minecraft:nether_wart":10,"minecraft:red_nether_brick_stairs":8,"minecraft:player_head":3,"minecraft:farmland":31,"minecraft:tube_coral":2,"minecraft:soul_sand":105,"minecraft:blue_stained_glass":19,"minecraft:jungle_planks":15,"minecraft:nether_bricks":305,"minecraft:orange_wool":8,"minecraft:acacia_button":2,"minecraft:cyan_wool":8,"minecraft:obsidian":44,"minecraft:glass":13,"minecraft:crimson_button":2,"minecraft:packed_ice":85,"minecraft:lava_bucket":2,"minecraft:netherite_shovel":26,"minecraft:bricks":130,"minecraft:red_wool":11,"minecraft:quartz_slab":129,"minecraft:warped_hyphae":2,"minecraft:black_stained_glass_pane":30,"minecraft:lantern":1,"minecraft:grass_block":335,"minecraft:quartz_block":16,"minecraft:netherite_hoe":173,"minecraft:gray_concrete_powder":54,"minecraft:pink_wool":3,"minecraft:stone_brick_stairs":17,"minecraft:stone_bricks":89,"minecraft:item_frame":2,"minecraft:birch_button":2,"minecraft:red_carpet":3,"minecraft:redstone_lamp":17,"minecraft:bow":10,"minecraft:brown_carpet":36,"minecraft:hay_block":4,"minecraft:oak_sapling":6,"minecraft:furnace":9,"minecraft:acacia_fence":9,"minecraft:gold_block":6,"minecraft:light_blue_carpet":17,"minecraft:dark_oak_stairs":3,"minecraft:end_stone_bricks":9,"minecraft:damaged_anvil":5,"minecraft:red_stained_glass":134,"minecraft:dark_oak_sign":15,"minecraft:powered_rail":8,"minecraft:jungle_fence":8,"minecraft:oak_planks":68,"minecraft:blackstone":25,"minecraft:sandstone":103,"minecraft:composter":1,"minecraft:redstone_block":91,"minecraft:clay":9,"minecraft:purpur_pillar":50,"minecraft:oak_leaves":273,"minecraft:white_wool":93,"minecraft:sand":142,"minecraft:light_blue_wool":119,"minecraft:yellow_concrete":49,"minecraft:sponge":8,"minecraft:blackstone_wall":17,"minecraft:note_block":1,"minecraft:stone_brick_wall":15,"minecraft:shears":238,"minecraft:redstone_torch":58,"minecraft:sticky_piston":8,"minecraft:green_concrete":6,"minecraft:black_concrete":293,"minecraft:daylight_detector":7,"minecraft:acacia_door":1,"minecraft:dark_oak_log":8,"minecraft:birch_slab":4,"minecraft:light_gray_concrete":49,"minecraft:heavy_weighted_pressure_plate":6,"minecraft:warped_slab":27,"minecraft:brown_wool":7,"minecraft:stone_button":106,"minecraft:cyan_carpet":15,"minecraft:red_terracotta":214,"minecraft:gravel":98,"minecraft:iron_door":16,"minecraft:blackstone_slab":15,"minecraft:stripped_warped_hyphae":59,"minecraft:nether_wart_block":135,"minecraft:stripped_oak_wood":9,"minecraft:birch_log":9,"minecraft:chain":19,"minecraft:smooth_stone_slab":4,"minecraft:white_concrete":383,"minecraft:coarse_dirt":106,"minecraft:bone_meal":16,"minecraft:cobweb":12,"minecraft:oak_trapdoor":15,"minecraft:oak_fence":29,"minecraft:purpur_block":81,"minecraft:petrified_oak_slab":6,"minecraft:jungle_leaves":8,"minecraft:iron_bars":11,"minecraft:flint_and_steel":23,"minecraft:orange_concrete":106,"minecraft:carved_pumpkin":8,"minecraft:red_concrete":229,"minecraft:redstone":39,"minecraft:stripped_birch_wood":9,"minecraft:sandstone_wall":6,"minecraft:netherrack":76,"minecraft:oak_door":4,"minecraft:torch":1,"minecraft:target":49,"minecraft:dirt":56,"minecraft:red_nether_brick_slab":6,"minecraft:anvil":30,"minecraft:white_carpet":45,"minecraft:prismarine_bricks":99,"minecraft:twisting_vines":6,"minecraft:stone_stairs":11,"minecraft:yellow_carpet":103,"minecraft:pink_carpet":19,"minecraft:granite":51,"minecraft:spruce_fence":13,"minecraft:blue_concrete":37,"minecraft:nether_brick_stairs":69,"minecraft:andesite_wall":3,"minecraft:stone_brick_slab":57,"minecraft:chipped_anvil":2,"minecraft:red_tulip":3,"minecraft:bookshelf":58,"minecraft:iron_block":50,"minecraft:light_weighted_pressure_plate":9,"minecraft:oak_stairs":19,"minecraft:spruce_button":9,"minecraft:acacia_slab":6,"minecraft:jungle_log":6,"minecraft:smooth_quartz":53,"minecraft:bamboo":15,"minecraft:warped_stairs":195,"minecraft:iron_trapdoor":26,"minecraft:podzol":53,"minecraft:netherite_pickaxe":93,"minecraft:crimson_pressure_plate":3,"minecraft:stone_pressure_plate":2,"minecraft:acacia_planks":4,"minecraft:pumpkin":15,"minecraft:crimson_stem":10,"minecraft:quartz_bricks":3,"minecraft:water_bucket":2,"minecraft:warped_stem":39,"minecraft:nether_brick_wall":7,"minecraft:iron_ore":8,"minecraft:sandstone_stairs":33,"minecraft:snow_block":101,"minecraft:polished_andesite":13,"minecraft:lime_wool":26,"minecraft:blue_wool":319,"minecraft:cauldron":7,"minecraft:red_glazed_terracotta":1,"minecraft:cobblestone_slab":16,"minecraft:diamond_block":36,"minecraft:rail":60,"minecraft:orange_carpet":17,"minecraft:tnt":1,"minecraft:oak_slab":74,"minecraft:crafting_table":4,"minecraft:crimson_trapdoor":18,"minecraft:birch_sign":11,"minecraft:campfire":6,"minecraft:warped_planks":4,"minecraft:spruce_log":52,"minecraft:nether_gold_ore":13,"minecraft:cyan_stained_glass":26,"minecraft:oak_log":178,"minecraft:piston":23,"minecraft:dark_prismarine":94,"minecraft:flower_pot":2,"minecraft:black_wool":20,"minecraft:acacia_sign":13,"minecraft:netherite_axe":69,"minecraft:detector_rail":2,"minecraft:stone_slab":25,"minecraft:yellow_wool":27,"minecraft:crimson_nylium":52,"minecraft:blue_carpet":59,"minecraft:green_carpet":7,"minecraft:chiseled_stone_bricks":2,"minecraft:cobblestone":213,"minecraft:red_concrete_powder":3,"minecraft:lapis_block":63,"minecraft:bucket":2,"minecraft:yellow_bed":4,"minecraft:polished_blackstone_button":6,"minecraft:wither_rose":2,"minecraft:sea_pickle":5,"minecraft:stripped_oak_log":5,"minecraft:gray_wool":53,"minecraft:smooth_stone":111,"minecraft:splash_potion":6},"minecraft:broken":{"minecraft:shears":1},"minecraft:picked_up":{"minecraft:black_carpet":32,"minecraft:oak_stairs":6,"minecraft:wither_rose":2,"minecraft:stone_brick_stairs":4,"minecraft:warped_stairs":3,"minecraft:blue_concrete":5,"minecraft:smooth_stone_slab":4,"minecraft:oak_sign":26,"minecraft:red_sand":2,"minecraft:light_weighted_pressure_plate":8,"minecraft:redstone_torch":33,"minecraft:furnace":1,"minecraft:stick":11,"minecraft:crimson_pressure_plate":2,"minecraft:oak_fence":21,"minecraft:pink_carpet":8,"minecraft:obsidian":54,"minecraft:snowball":56,"minecraft:cobblestone":15,"minecraft:prismarine_bricks":1,"minecraft:dirt":5,"minecraft:lantern":1,"minecraft:wheat_seeds":4,"minecraft:dark_oak_sign":24,"minecraft:oak_planks":5,"minecraft:black_stained_glass_pane":54,"minecraft:dark_oak_log":1,"minecraft:red_terracotta":17,"minecraft:dark_prismarine":35,"minecraft:polished_andesite":53,"minecraft:yellow_carpet":12,"minecraft:green_concrete":29,"minecraft:polished_blackstone_button":1,"minecraft:bone_meal":16,"minecraft:white_concrete":22,"minecraft:spruce_button":9,"minecraft:oak_sapling":16,"minecraft:oak_leaves":261,"minecraft:end_stone_bricks":1,"minecraft:crafting_table":1,"minecraft:coarse_dirt":4,"minecraft:azure_bluet":1,"minecraft:chicken":6,"minecraft:ladder":13,"minecraft:clay_ball":36,"minecraft:redstone_lamp":1,"minecraft:heavy_weighted_pressure_plate":3,"minecraft:white_carpet":9,"minecraft:cyan_carpet":5,"minecraft:chest":1,"minecraft:black_stained_glass":8,"minecraft:sandstone":61,"minecraft:stone":39,"minecraft:oak_door":3,"minecraft:stone_button":57,"minecraft:redstone":21,"minecraft:blue_carpet":16,"minecraft:dark_oak_planks":64,"minecraft:nether_bricks":47,"minecraft:sandstone_stairs":21,"minecraft:rail":17,"minecraft:oak_log":62,"minecraft:yellow_bed":2,"minecraft:apple":1,"minecraft:stone_bricks":3,"minecraft:warped_stem":1,"minecraft:dark_oak_stairs":37,"minecraft:oak_slab":64,"minecraft:nether_quartz_ore":3,"minecraft:stone_brick_slab":7,"minecraft:red_wool":3,"minecraft:gravel":1,"minecraft:spruce_log":7,"minecraft:green_carpet":1,"minecraft:red_stained_glass":46,"minecraft:light_blue_carpet":3,"minecraft:birch_sign":10,"minecraft:coal":5,"minecraft:red_concrete":17},"minecraft:dropped":{"minecraft:clay":28,"minecraft:dark_oak_stairs":74,"minecraft:sandstone_stairs":40,"minecraft:redstone_lamp":2,"minecraft:stone_button":1,"minecraft:black_stained_glass_pane":119,"minecraft:snowball":12,"minecraft:chain":2,"minecraft:dark_oak_planks":192,"minecraft:black_stained_glass":16,"minecraft:oak_door":4,"minecraft:obsidian":108,"minecraft:oak_planks":3,"minecraft:quartz_bricks":7,"minecraft:azure_bluet":1,"minecraft:warped_planks":128,"minecraft:glowstone":59,"minecraft:prismarine_bricks":1,"minecraft:oak_leaves":52,"minecraft:oak_slab":237,"minecraft:oak_fence":40,"minecraft:cobblestone":12,"minecraft:red_stained_glass":46,"minecraft:polished_andesite":104,"minecraft:oak_stairs":8,"minecraft:wither_rose":1,"minecraft:stone_brick_slab":7,"minecraft:redstone":37,"minecraft:snow_block":31,"minecraft:red_concrete":32,"minecraft:dark_oak_sign":22,"minecraft:smooth_stone_slab":8,"minecraft:blue_concrete":16,"minecraft:green_concrete":58,"minecraft:stone":62,"minecraft:yellow_bed":2,"minecraft:sandstone":122}},"DataVersion":2580}