{"stats":{"minecraft:mined":{"minecraft:dark_prismarine":1,"minecraft:oak_slab":3,"minecraft:red_wool":3,"minecraft:oak_door":2,"minecraft:sea_lantern":1,"minecraft:warped_stairs":2,"minecraft:oak_fence":5,"minecraft:clay":7,"minecraft:nether_bricks":1,"minecraft:honey_block":9,"minecraft:blue_concrete":1,"minecraft:white_concrete":2,"minecraft:oak_planks":6,"minecraft:sandstone_stairs":1,"minecraft:hay_block":13,"minecraft:black_stained_glass_pane":1,"minecraft:red_terracotta":18,"minecraft:spruce_log":5,"minecraft:pumpkin":7,"minecraft:detector_rail":1,"minecraft:nether_brick_stairs":3,"minecraft:oak_fence_gate":4,"minecraft:rail":2,"minecraft:dirt":7,"minecraft:end_stone_bricks":1,"minecraft:stone":2},"minecraft:crafted":{"minecraft:brick":3,"minecraft:oak_door":3,"minecraft:oak_slab":42,"minecraft:oak_planks":968,"minecraft:redstone":45,"minecraft:coal":9,"minecraft:crafting_table":1,"minecraft:iron_nugget":45,"minecraft:chain":5,"minecraft:furnace":8,"minecraft:stone_button":64,"minecraft:air":0,"minecraft:iron_bars":64,"minecraft:stone_stairs":4,"minecraft:oak_fence_gate":4,"minecraft:lantern":1,"minecraft:stone_brick_slab":18,"minecraft:detector_rail":6,"minecraft:ladder":24,"minecraft:stick":272,"minecraft:stone_slab":126,"minecraft:iron_ingot":90,"minecraft:oak_stairs":40,"minecraft:stone_pressure_plate":1,"minecraft:black_stained_glass_pane":80,"minecraft:rail":32,"minecraft:composter":2,"minecraft:torch":4,"minecraft:stone_bricks":64,"minecraft:oak_fence":84,"minecraft:nether_brick_stairs":40,"minecraft:sandstone_stairs":40,"minecraft:flower_pot":1},"minecraft:custom":{"minecraft:interact_with_furnace":19,"minecraft:interact_with_crafting_table":38,"minecraft:play_one_minute":115712,"minecraft:pot_flower":1,"minecraft:leave_game":3,"minecraft:time_since_death":115712,"minecraft:climb_one_cm":196,"minecraft:damage_resisted":1090,"minecraft:time_since_rest":115712,"minecraft:sprint_one_cm":331032,"minecraft:damage_taken":1163,"minecraft:walk_one_cm":385495,"minecraft:drop":14,"minecraft:damage_dealt":623,"minecraft:fly_one_cm":721814,"minecraft:open_chest":165,"minecraft:crouch_one_cm":7134,"minecraft:sneak_time":5253,"minecraft:jump":1771,"minecraft:fall_one_cm":38889},"minecraft:used":{"minecraft:oak_fence":44,"minecraft:purpur_block":7,"minecraft:iron_bars":14,"minecraft:end_stone_bricks":13,"minecraft:jungle_leaves":12,"minecraft:iron_ore":3,"minecraft:snow_block":33,"minecraft:sandstone_stairs":13,"minecraft:red_concrete":16,"minecraft:ladder":4,"minecraft:oak_planks":35,"minecraft:chest":31,"minecraft:sandstone":35,"minecraft:stone":70,"minecraft:composter":1,"minecraft:clay":7,"minecraft:oak_door":3,"minecraft:dirt":24,"minecraft:rail":22,"minecraft:oak_slab":12,"minecraft:hopper":31,"minecraft:crafting_table":1,"minecraft:nether_bricks":30,"minecraft:light_blue_wool":12,"minecraft:stone_stairs":2,"minecraft:sea_lantern":2,"minecraft:nether_brick_stairs":30,"minecraft:shears":3,"minecraft:blue_concrete":17,"minecraft:spruce_log":47,"minecraft:oak_fence_gate":5,"minecraft:dark_prismarine":11,"minecraft:black_wool":3,"minecraft:flower_pot":1,"minecraft:green_concrete":3,"minecraft:honey_block":29,"minecraft:black_concrete":15,"minecraft:netherite_shovel":14,"minecraft:bricks":3,"minecraft:bookshelf":34,"minecraft:dark_oak_log":3,"minecraft:red_wool":6,"minecraft:black_stained_glass_pane":6,"minecraft:lantern":1,"minecraft:oak_stairs":10,"minecraft:jungle_log":6,"minecraft:stone_button":2,"minecraft:netherite_axe":34,"minecraft:quartz_block":36,"minecraft:detector_rail":2,"minecraft:netherite_hoe":22,"minecraft:stone_slab":1,"minecraft:red_terracotta":38,"minecraft:yellow_wool":19,"minecraft:cobblestone":63,"minecraft:hay_block":17,"minecraft:oak_sapling":1,"minecraft:furnace":14,"minecraft:chain":2,"minecraft:netherite_pickaxe":33,"minecraft:wither_rose":1,"minecraft:white_concrete":17,"minecraft:pumpkin":14,"minecraft:bone_meal":22},"minecraft:picked_up":{"minecraft:clay_ball":28,"minecraft:stone_slab":64,"minecraft:wither_rose":1,"minecraft:warped_stairs":2,"minecraft:blue_concrete":1,"minecraft:dirt":7,"minecraft:lantern":1,"minecraft:detector_rail":1,"minecraft:oak_fence_gate":4,"minecraft:oak_planks":6,"minecraft:oak_slab":1,"minecraft:pumpkin":7,"minecraft:stone":1,"minecraft:oak_door":4,"minecraft:oak_fence":6,"minecraft:red_wool":3,"minecraft:nether_brick_stairs":3,"minecraft:stone_button":1,"minecraft:spruce_log":5,"minecraft:red_terracotta":18,"minecraft:nether_bricks":1,"minecraft:honey_block":9,"minecraft:hay_block":13,"minecraft:red_tulip":2,"minecraft:sandstone_stairs":1,"minecraft:bone_meal":26,"minecraft:white_concrete":2,"minecraft:rail":5,"minecraft:cobblestone":1,"minecraft:end_stone_bricks":1},"minecraft:dropped":{"minecraft:oak_door":4,"minecraft:red_concrete":48,"minecraft:clay":61,"minecraft:oak_slab":4,"minecraft:sandstone_stairs":28,"minecraft:blue_concrete":48,"minecraft:green_concrete":61,"minecraft:nether_bricks":39,"minecraft:sea_lantern":62,"minecraft:red_terracotta":44,"minecraft:white_concrete":49,"minecraft:oak_stairs":30,"minecraft:bone_meal":4,"minecraft:dark_prismarine":21}},"DataVersion":2580}