{"stats":{"minecraft:custom":{"minecraft:inspect_dropper":10,"minecraft:mob_kills":986,"minecraft:interact_with_anvil":24,"minecraft:inspect_hopper":12,"minecraft:open_barrel":195,"minecraft:fill_cauldron":1,"minecraft:leave_game":41,"minecraft:time_since_death":12147,"minecraft:climb_one_cm":283215,"minecraft:damage_resisted":6098,"minecraft:sprint_one_cm":7304885,"minecraft:walk_one_cm":7114460,"minecraft:drop":24,"minecraft:target_hit":48,"minecraft:play_time":2949111,"minecraft:deaths":52,"minecraft:sneak_time":111938,"minecraft:walk_under_water_one_cm":81313,"minecraft:jump":26757,"minecraft:interact_with_blast_furnace":25,"minecraft:walk_on_water_one_cm":94522,"minecraft:total_world_time":7891,"minecraft:tune_noteblock":36,"minecraft:interact_with_loom":8,"minecraft:pot_flower":11,"minecraft:time_since_rest":12148,"minecraft:damage_taken":37763,"minecraft:damage_absorbed":295,"minecraft:trigger_trapped_chest":17,"minecraft:damage_dealt":187301,"minecraft:swim_one_cm":50864,"minecraft:fly_one_cm":14933627,"minecraft:open_chest":49,"minecraft:crouch_one_cm":244337,"minecraft:interact_with_smoker":25,"minecraft:fall_one_cm":206573,"minecraft:inspect_dispenser":168},"minecraft:broken":{"minecraft:leather_helmet":1,"minecraft:stone_sword":7,"minecraft:leather_leggings":1,"minecraft:golden_sword":3},"minecraft:used":{"minecraft:oak_fence":154,"minecraft:purpur_block":160,"minecraft:oak_trapdoor":60,"minecraft:petrified_oak_slab":10,"minecraft:trident":1,"minecraft:iron_bars":241,"minecraft:enchanting_table":3,"minecraft:stone_sword":3074,"minecraft:flint_and_steel":23,"minecraft:carved_pumpkin":6,"minecraft:smooth_quartz_slab":11,"minecraft:polished_blackstone":12,"minecraft:dispenser":49,"minecraft:spruce_slab":19,"minecraft:redstone":191,"minecraft:ladder":86,"minecraft:oak_sign":63,"minecraft:light_gray_carpet":7,"minecraft:polished_basalt":174,"minecraft:spruce_planks":38,"minecraft:chest":10,"minecraft:stone":117,"minecraft:iron_sword":459,"minecraft:zombie_spawn_egg":35,"minecraft:wither_skeleton_spawn_egg":4,"minecraft:smooth_sandstone_stairs":55,"minecraft:grass":1,"minecraft:quartz_stairs":19,"minecraft:bell":2,"minecraft:structure_block":59,"minecraft:torch":13,"minecraft:anvil":6,"minecraft:soul_sand":78,"minecraft:stray_spawn_egg":5,"minecraft:target":4,"minecraft:skeleton_spawn_egg":13,"minecraft:white_carpet":2,"minecraft:hopper":7,"minecraft:spruce_stairs":23,"minecraft:cobblestone_wall":21,"minecraft:yellow_carpet":91,"minecraft:acacia_sapling":1,"minecraft:granite":31,"minecraft:obsidian":123,"minecraft:polished_diorite":16,"minecraft:jungle_sapling":14,"minecraft:glass":1,"minecraft:stone_brick_slab":231,"minecraft:dark_oak_planks":153,"minecraft:cyan_terracotta":8,"minecraft:lava_bucket":24,"minecraft:stripped_dark_oak_wood":30,"minecraft:bookshelf":293,"minecraft:quartz_pillar":33,"minecraft:red_wool":30,"minecraft:iron_axe":50,"minecraft:grass_block":26,"minecraft:oak_stairs":131,"minecraft:blue_orchid":1,"minecraft:spruce_button":1,"minecraft:birch_sapling":1,"minecraft:green_wool":2,"minecraft:spawner":213,"minecraft:dark_oak_slab":41,"minecraft:gray_concrete_powder":1,"minecraft:piglin_brute_spawn_egg":1,"minecraft:barrel":78,"minecraft:stone_brick_stairs":292,"minecraft:stone_bricks":5745,"minecraft:repeater":37,"minecraft:magma_cube_spawn_egg":2,"minecraft:blaze_spawn_egg":1,"minecraft:golden_sword":162,"minecraft:magma_block":111,"minecraft:red_carpet":202,"minecraft:tripwire_hook":4,"minecraft:glowstone":97,"minecraft:redstone_lamp":15,"minecraft:golden_carrot":68,"minecraft:bow":87,"minecraft:tall_grass":1,"minecraft:scaffolding":8,"minecraft:iron_trapdoor":2,"minecraft:oak_sapling":3,"minecraft:drowned_spawn_egg":8,"minecraft:netherite_pickaxe":2704,"minecraft:gold_block":241,"minecraft:trapped_chest":1,"minecraft:skeleton_skull":55,"minecraft:stone_pressure_plate":1,"minecraft:observer":11,"minecraft:dark_oak_sapling":1,"minecraft:spider_spawn_egg":13,"minecraft:emerald_ore":1,"minecraft:water_bucket":34,"minecraft:dark_oak_stairs":40,"minecraft:mossy_stone_bricks":75,"minecraft:end_rod":28,"minecraft:cow_spawn_egg":3,"minecraft:cobblestone_stairs":206,"minecraft:wither_skeleton_skull":2,"minecraft:spruce_door":112,"minecraft:dropper":3,"minecraft:witch_spawn_egg":1,"minecraft:polished_andesite":1038,"minecraft:dark_oak_sign":50,"minecraft:oak_planks":85,"minecraft:blackstone":1,"minecraft:ender_pearl":1,"minecraft:sandstone":62,"minecraft:redstone_block":69,"minecraft:spruce_sign":20,"minecraft:cauldron":9,"minecraft:clay":2,"minecraft:cobblestone_slab":160,"minecraft:red_glazed_terracotta":1,"minecraft:vindicator_spawn_egg":3,"minecraft:conduit":1,"minecraft:cracked_stone_bricks":1166,"minecraft:white_wool":3,"minecraft:mossy_cobblestone":81,"minecraft:diamond_block":245,"minecraft:comparator":4,"minecraft:vine":110,"minecraft:oak_slab":167,"minecraft:crafting_table":1,"minecraft:loom":13,"minecraft:blast_furnace":3,"minecraft:light_gray_terracotta":6,"minecraft:crossbow":6,"minecraft:cave_spider_spawn_egg":4,"minecraft:light_gray_concrete_powder":3,"minecraft:gray_concrete":4,"minecraft:painting":116,"minecraft:magenta_carpet":3,"minecraft:spruce_log":363,"minecraft:cake":2,"minecraft:smoker":5,"minecraft:creeper_spawn_egg":3,"minecraft:redstone_torch":39,"minecraft:sticky_piston":17,"minecraft:gray_terracotta":4,"minecraft:piston":9,"minecraft:flower_pot":16,"minecraft:dark_prismarine":16,"minecraft:lever":54,"minecraft:apple":341,"minecraft:birch_fence_gate":1,"minecraft:command_block":290,"minecraft:light_gray_concrete":4,"minecraft:zombie_head":4,"minecraft:heavy_weighted_pressure_plate":18,"minecraft:string":38,"minecraft:iron_pickaxe":7,"minecraft:stone_button":31,"minecraft:detector_rail":5,"minecraft:lectern":6,"minecraft:polished_granite":2,"minecraft:spruce_trapdoor":96,"minecraft:iron_door":51,"minecraft:spruce_sapling":1,"minecraft:gravel":419,"minecraft:soul_lantern":37,"minecraft:stone_axe":28,"minecraft:blue_carpet":18,"minecraft:chiseled_stone_bricks":10,"minecraft:diamond_sword":21,"minecraft:cobblestone":2347,"minecraft:cooked_porkchop":73,"minecraft:grindstone":5,"minecraft:red_banner":5,"minecraft:andesite":4,"minecraft:chain":86,"minecraft:glass_pane":20,"minecraft:repeating_command_block":2,"minecraft:smooth_stone_slab":108,"minecraft:husk_spawn_egg":11,"minecraft:white_concrete":2,"minecraft:pillager_spawn_egg":13,"minecraft:cobweb":91,"minecraft:smooth_stone":149,"minecraft:soul_torch":2196},"minecraft:mined":{"minecraft:red_carpet":1,"minecraft:lever":1,"minecraft:spawner":920,"minecraft:diamond_block":152,"minecraft:gold_block":1361,"minecraft:stone":8,"minecraft:soul_wall_torch":47,"minecraft:soul_torch":72,"minecraft:cobblestone":1,"minecraft:stone_bricks":1},"minecraft:killed_by":{"minecraft:husk":5,"minecraft:wither_skeleton":2,"minecraft:stray":3,"minecraft:creeper":2,"minecraft:pillager":6,"minecraft:vindicator":1,"minecraft:skeleton":9,"minecraft:blaze":2,"minecraft:zombie":12},"minecraft:picked_up":{"minecraft:iron_chestplate":7,"minecraft:ladder":17,"minecraft:leather_leggings":19,"minecraft:string":1,"minecraft:iron_axe":9,"minecraft:iron_leggings":10,"minecraft:oak_sign":39,"minecraft:diamond_leggings":3,"minecraft:detector_rail":1,"minecraft:redstone_torch":2,"minecraft:jungle_sapling":4,"minecraft:birch_sapling":1,"minecraft:iron_boots":9,"minecraft:dark_oak_sapling":1,"minecraft:stone_button":11,"minecraft:redstone":24,"minecraft:netherite_pickaxe":1,"minecraft:stone_pressure_plate":1,"minecraft:zombie_spawn_egg":1,"minecraft:stone_sword":8,"minecraft:arrow":475,"minecraft:diamond_chestplate":6,"minecraft:diamond_boots":5,"minecraft:cobblestone":1,"minecraft:leather_chestplate":9,"minecraft:golden_carrot":33,"minecraft:iron_door":2,"minecraft:leather_boots":22,"minecraft:red_carpet":57,"minecraft:apple":335,"minecraft:stone_bricks":130,"minecraft:bow":1,"minecraft:diamond_helmet":7,"minecraft:iron_sword":12,"minecraft:scaffolding":1,"minecraft:cooked_porkchop":123,"minecraft:spruce_sapling":1,"minecraft:soul_torch":1711,"minecraft:leather_helmet":25,"minecraft:skeleton_spawn_egg":1,"minecraft:yellow_carpet":25,"minecraft:diamond":27499,"minecraft:stone_axe":17,"minecraft:soul_lantern":2,"minecraft:lever":78,"minecraft:iron_helmet":9,"minecraft:crossbow":16,"minecraft:oak_sapling":1,"minecraft:ender_pearl":1},"minecraft:dropped":{"minecraft:iron_sword":1,"minecraft:diamond":276,"minecraft:lever":8,"minecraft:stone_bricks":1},"minecraft:killed":{"minecraft:cave_spider":26,"minecraft:vindicator":1,"minecraft:spider":87,"minecraft:skeleton":112,"minecraft:chicken":2,"minecraft:magma_cube":7,"minecraft:husk":161,"minecraft:bat":5,"minecraft:creeper":5,"minecraft:pillager":101,"minecraft:zombie":422,"minecraft:stray":38,"minecraft:wither_skeleton":6,"minecraft:blaze":2,"minecraft:cow":3}},"DataVersion":2724}