{"stats":{"minecraft:custom":{"minecraft:interact_with_anvil":5,"minecraft:mob_kills":130,"minecraft:open_barrel":56,"minecraft:leave_game":5,"minecraft:time_since_death":96280,"minecraft:climb_one_cm":35105,"minecraft:damage_resisted":773,"minecraft:sprint_one_cm":732837,"minecraft:walk_one_cm":1241918,"minecraft:drop":20,"minecraft:sneak_time":35038,"minecraft:deaths":6,"minecraft:walk_under_water_one_cm":30146,"minecraft:jump":4833,"minecraft:walk_on_water_one_cm":68499,"minecraft:play_one_minute":695073,"minecraft:time_since_rest":96282,"minecraft:damage_taken":4976,"minecraft:damage_absorbed":230,"minecraft:damage_dealt":22525,"minecraft:swim_one_cm":40889,"minecraft:fly_one_cm":3378782,"minecraft:open_chest":2,"minecraft:crouch_one_cm":77592,"minecraft:inspect_dispenser":46,"minecraft:fall_one_cm":16818},"minecraft:used":{"minecraft:oak_trapdoor":1,"minecraft:oak_fence":80,"minecraft:petrified_oak_slab":154,"minecraft:enchanting_table":1,"minecraft:iron_bars":6,"minecraft:stone_sword":174,"minecraft:smooth_quartz_slab":27,"minecraft:spruce_slab":12,"minecraft:redstone":19,"minecraft:ladder":40,"minecraft:light_gray_carpet":3,"minecraft:oak_sign":61,"minecraft:spruce_planks":42,"minecraft:zombie_spawn_egg":2,"minecraft:iron_sword":86,"minecraft:warped_sign":6,"minecraft:grass":6,"minecraft:smooth_sandstone_stairs":152,"minecraft:mossy_stone_brick_slab":1,"minecraft:structure_block":12,"minecraft:anvil":6,"minecraft:skeleton_spawn_egg":12,"minecraft:orange_glazed_terracotta":1,"minecraft:cobblestone_wall":67,"minecraft:yellow_carpet":15,"minecraft:blue_concrete":2,"minecraft:weeping_vines":3,"minecraft:obsidian":66,"minecraft:polished_diorite":17,"minecraft:mossy_cobblestone_stairs":26,"minecraft:stone_brick_slab":122,"minecraft:dark_oak_planks":442,"minecraft:lava_bucket":121,"minecraft:stripped_dark_oak_wood":63,"minecraft:bookshelf":55,"minecraft:quartz_pillar":72,"minecraft:lantern":1,"minecraft:grass_block":18,"minecraft:iron_axe":141,"minecraft:oak_stairs":83,"minecraft:slime_block":37,"minecraft:smooth_sandstone":44,"minecraft:spawner":12,"minecraft:dark_oak_slab":182,"minecraft:mossy_cobblestone_slab":189,"minecraft:stone_brick_stairs":92,"minecraft:barrel":10,"minecraft:stone_bricks":1406,"minecraft:blaze_spawn_egg":1,"minecraft:repeater":17,"minecraft:tripwire_hook":5,"minecraft:glowstone":2,"minecraft:bow":49,"minecraft:golden_carrot":1,"minecraft:magma_block":24,"minecraft:tall_grass":6,"minecraft:iron_trapdoor":4,"minecraft:yellow_glazed_terracotta":85,"minecraft:furnace":1,"minecraft:white_stained_glass_pane":24,"minecraft:netherite_pickaxe":225,"minecraft:gold_block":97,"minecraft:stone_pressure_plate":1,"minecraft:observer":3,"minecraft:seagrass":5,"minecraft:spider_spawn_egg":2,"minecraft:light_blue_carpet":13,"minecraft:dark_oak_stairs":216,"minecraft:mossy_stone_bricks":4,"minecraft:water_bucket":101,"minecraft:end_rod":54,"minecraft:cobblestone_stairs":159,"minecraft:spruce_door":10,"minecraft:polished_andesite":271,"minecraft:powered_rail":1,"minecraft:smooth_sandstone_slab":3,"minecraft:ender_pearl":1,"minecraft:mossy_stone_brick_stairs":2,"minecraft:sandstone":31,"minecraft:black_glazed_terracotta":1,"minecraft:redstone_block":93,"minecraft:stonecutter":1,"minecraft:red_glazed_terracotta":56,"minecraft:cobblestone_slab":161,"minecraft:cracked_stone_bricks":156,"minecraft:mossy_cobblestone":493,"minecraft:diamond_block":14,"minecraft:vine":40,"minecraft:tnt":1,"minecraft:oak_slab":35,"minecraft:blast_furnace":1,"minecraft:stone_brick_wall":36,"minecraft:painting":327,"minecraft:smooth_red_sandstone_stairs":1,"minecraft:spruce_log":4,"minecraft:warped_planks":60,"minecraft:creeper_spawn_egg":1,"minecraft:redstone_torch":1,"minecraft:sticky_piston":46,"minecraft:piston":1,"minecraft:dark_prismarine":1,"minecraft:lever":3,"minecraft:apple":32,"minecraft:crying_obsidian":4,"minecraft:command_block":75,"minecraft:barrier":7,"minecraft:string":35,"minecraft:stone_button":17,"minecraft:white_glazed_terracotta":1,"minecraft:spruce_trapdoor":12,"minecraft:iron_door":14,"minecraft:gravel":130,"minecraft:soul_lantern":26,"minecraft:blue_carpet":35,"minecraft:fire_charge":4,"minecraft:cobblestone":1337,"minecraft:grindstone":2,"minecraft:cooked_porkchop":25,"minecraft:smithing_table":1,"minecraft:mossy_cobblestone_wall":4,"minecraft:chain_command_block":36,"minecraft:chain":46,"minecraft:smooth_stone_slab":12,"minecraft:magenta_glazed_terracotta":4,"minecraft:repeating_command_block":9,"minecraft:oak_boat":1,"minecraft:polished_blackstone_button":12,"minecraft:sea_pickle":9,"minecraft:white_concrete":20,"minecraft:coarse_dirt":9,"minecraft:warped_button":2,"minecraft:soul_torch":172,"minecraft:smooth_stone":42,"minecraft:birch_stairs":3,"minecraft:cobweb":38},"minecraft:broken":{"minecraft:leather_chestplate":1},"minecraft:mined":{"minecraft:spawner":74,"minecraft:diamond_block":8,"minecraft:gold_block":114,"minecraft:soul_wall_torch":19,"minecraft:soul_torch":2},"minecraft:picked_up":{"minecraft:ladder":2,"minecraft:leather_leggings":8,"minecraft:iron_axe":6,"minecraft:oak_sign":40,"minecraft:diamond_leggings":3,"minecraft:redstone_torch":1,"minecraft:iron_boots":2,"minecraft:sandstone":75,"minecraft:stone_button":4,"minecraft:redstone":3,"minecraft:arrow":53,"minecraft:command_block":1,"minecraft:sandstone_stairs":1,"minecraft:warped_sign":1,"minecraft:leather_chestplate":1,"minecraft:golden_carrot":3,"minecraft:tripwire_hook":2,"minecraft:leather_boots":2,"minecraft:apple":50,"minecraft:iron_sword":4,"minecraft:cooked_porkchop":40,"minecraft:soul_torch":224,"minecraft:leather_helmet":2,"minecraft:diamond":2098,"minecraft:stone_axe":6,"minecraft:lever":2,"minecraft:iron_helmet":2,"minecraft:ender_pearl":1},"minecraft:killed_by":{"minecraft:husk":2,"minecraft:skeleton":3},"minecraft:dropped":{"minecraft:iron_sword":2,"minecraft:cooked_porkchop":8,"minecraft:diamond_leggings":1,"minecraft:apple":23,"minecraft:command_block":1,"minecraft:leather_helmet":1,"minecraft:golden_carrot":3,"minecraft:iron_axe":2,"minecraft:stone_axe":2,"minecraft:soul_torch":52,"minecraft:iron_boots":1,"minecraft:leather_chestplate":1,"minecraft:leather_boots":1,"minecraft:leather_leggings":4},"minecraft:killed":{"minecraft:spider":8,"minecraft:skeleton":9,"minecraft:chicken":1,"minecraft:husk":18,"minecraft:pillager":12,"minecraft:zombie":74,"minecraft:stray":4}},"DataVersion":2584}