{"stats":{"minecraft:custom":{"minecraft:jump":316,"minecraft:time_since_rest":12237,"minecraft:crouch_one_cm":174,"minecraft:play_one_minute":12237,"minecraft:leave_game":1,"minecraft:sprint_one_cm":60354,"minecraft:walk_on_water_one_cm":68,"minecraft:time_since_death":12237,"minecraft:walk_one_cm":9844,"minecraft:sneak_time":37,"minecraft:walk_under_water_one_cm":1818,"minecraft:climb_one_cm":52,"minecraft:damage_resisted":14970,"minecraft:swim_one_cm":471,"minecraft:fall_one_cm":173148,"minecraft:tune_noteblock":10,"minecraft:fly_one_cm":129457},"minecraft:used":{"minecraft:warped_fungus_on_a_stick":3}},"DataVersion":2580}