{"stats":{"minecraft:custom":{"minecraft:time_since_rest":77097,"minecraft:play_one_minute":93135,"minecraft:crouch_one_cm":5294,"minecraft:sprint_one_cm":442207,"minecraft:walk_one_cm":47134,"minecraft:damage_taken":320,"minecraft:deaths":1,"minecraft:sneak_time":2717,"minecraft:walk_under_water_one_cm":29860,"minecraft:jump":2860,"minecraft:damage_dealt":0,"minecraft:leave_game":1,"minecraft:time_since_death":77049,"minecraft:walk_on_water_one_cm":1285,"minecraft:climb_one_cm":360,"minecraft:damage_resisted":12540,"minecraft:swim_one_cm":14960,"minecraft:tune_noteblock":95,"minecraft:fall_one_cm":523703,"minecraft:fly_one_cm":1397873},"minecraft:used":{"minecraft:packed_ice":21,"minecraft:warped_fungus_on_a_stick":214,"minecraft:iron_trapdoor":2,"minecraft:blue_stained_glass":5,"minecraft:ladder":1,"minecraft:redstone_block":4}},"DataVersion":2580}