{"stats":{"minecraft:custom":{"minecraft:jump":456,"minecraft:time_since_rest":12652,"minecraft:leave_game":1,"minecraft:crouch_one_cm":481,"minecraft:play_one_minute":12933,"minecraft:walk_on_water_one_cm":184,"minecraft:deaths":1,"minecraft:sprint_one_cm":75935,"minecraft:damage_taken":280,"minecraft:time_since_death":12621,"minecraft:walk_one_cm":10298,"minecraft:sneak_time":433,"minecraft:walk_under_water_one_cm":2303,"minecraft:damage_resisted":3340,"minecraft:swim_one_cm":5218,"minecraft:fall_one_cm":52449,"minecraft:tune_noteblock":13,"minecraft:fly_one_cm":160494},"minecraft:used":{"minecraft:warped_fungus_on_a_stick":25}},"DataVersion":2580}