{"stats":{"minecraft:custom":{"minecraft:jump":1927,"minecraft:time_since_rest":78158,"minecraft:damage_dealt":0,"minecraft:crouch_one_cm":4068,"minecraft:play_one_minute":78158,"minecraft:leave_game":1,"minecraft:sprint_one_cm":322072,"minecraft:walk_on_water_one_cm":1231,"minecraft:time_since_death":78158,"minecraft:walk_one_cm":24939,"minecraft:sneak_time":3419,"minecraft:damage_resisted":207,"minecraft:climb_one_cm":1039,"minecraft:walk_under_water_one_cm":4154,"minecraft:swim_one_cm":41376,"minecraft:tune_noteblock":79,"minecraft:fall_one_cm":182041,"minecraft:fly_one_cm":1176857},"minecraft:used":{"minecraft:warped_fungus_on_a_stick":103,"minecraft:red_concrete":2}},"DataVersion":2580}