{"stats":{"minecraft:used":{"minecraft:andesite_wall":58,"minecraft:oak_fence":152,"minecraft:sticky_piston":4,"minecraft:quartz_bricks":2,"minecraft:glass":171,"minecraft:stone_brick_slab":28,"minecraft:dark_prismarine":598,"minecraft:sea_lantern":74,"minecraft:packed_ice":7,"minecraft:red_sandstone":4,"minecraft:black_concrete":357,"minecraft:iron_bars":133,"minecraft:crying_obsidian":201,"minecraft:quartz_pillar":170,"minecraft:stripped_acacia_log":3,"minecraft:prismarine_brick_slab":60,"minecraft:flint_and_steel":16,"minecraft:command_block":5,"minecraft:red_wool":423,"minecraft:stone_button":1,"minecraft:prismarine":66,"minecraft:polished_andesite":120,"minecraft:barrier":634,"minecraft:slime_block":6,"minecraft:string":7,"minecraft:prismarine_stairs":171,"minecraft:smooth_sandstone":307,"minecraft:quartz_block":1807,"minecraft:white_concrete_powder":1,"minecraft:sandstone":11,"minecraft:stone":816,"minecraft:redstone_block":27,"minecraft:smooth_quartz":108,"minecraft:gravel":268,"minecraft:quartz_stairs":443,"minecraft:pink_stained_glass_pane":106,"minecraft:structure_block":79,"minecraft:stone_brick_stairs":95,"minecraft:prismarine_slab":8,"minecraft:stone_bricks":1698,"minecraft:netherrack":58,"minecraft:smooth_quartz_stairs":10,"minecraft:glowstone":46,"minecraft:diamond_sword":3,"minecraft:warped_wart_block":138,"minecraft:redstone_lamp":5,"minecraft:sand":98,"minecraft:magma_block":40,"minecraft:tnt":232,"minecraft:prismarine_bricks":229,"minecraft:mossy_cobblestone_wall":30,"minecraft:prismarine_brick_stairs":43,"minecraft:smooth_red_sandstone":373,"minecraft:andesite":230,"minecraft:ice":89,"minecraft:light_gray_concrete_powder":2,"minecraft:repeating_command_block":3,"minecraft:oak_wood":166,"minecraft:chiseled_quartz_block":113,"minecraft:stone_brick_wall":169,"minecraft:observer":13,"minecraft:dark_prismarine_stairs":50},"minecraft:custom":{"minecraft:time_since_rest":1199107,"minecraft:sprint_one_cm":1841071,"minecraft:damage_taken":531,"minecraft:walk_one_cm":2125941,"minecraft:mob_kills":1,"minecraft:damage_dealt":412,"minecraft:fly_one_cm":8188826,"minecraft:play_one_minute":1199107,"minecraft:crouch_one_cm":62319,"minecraft:sneak_time":58482,"minecraft:jump":12723,"minecraft:leave_game":11,"minecraft:time_since_death":1199107,"minecraft:walk_on_water_one_cm":1421,"minecraft:fall_one_cm":312420},"minecraft:picked_up":{"minecraft:acacia_boat":1},"minecraft:killed":{"minecraft:shulker":1}},"DataVersion":2584}