{"stats":{"minecraft:dropped":{"minecraft:acacia_boat":1},"minecraft:custom":{"minecraft:jump":2917,"minecraft:time_since_rest":6481,"minecraft:damage_dealt":537,"minecraft:crouch_one_cm":7685,"minecraft:play_one_minute":98606,"minecraft:walk_on_water_one_cm":1079,"minecraft:deaths":1,"minecraft:sprint_one_cm":912781,"minecraft:damage_taken":435,"minecraft:time_since_death":6478,"minecraft:walk_one_cm":180405,"minecraft:sneak_time":4665,"minecraft:drop":1,"minecraft:fall_one_cm":100312,"minecraft:fly_one_cm":775678}},"DataVersion":2584}