{"stats":{"minecraft:used":{"minecraft:sand":2,"minecraft:tnt":1},"minecraft:custom":{"minecraft:jump":2807,"minecraft:time_since_rest":116276,"minecraft:damage_dealt":121,"minecraft:play_one_minute":116276,"minecraft:crouch_one_cm":3343,"minecraft:damage_taken":523,"minecraft:leave_game":2,"minecraft:sprint_one_cm":597359,"minecraft:time_since_death":116276,"minecraft:walk_on_water_one_cm":22,"minecraft:walk_one_cm":855326,"minecraft:sneak_time":3526,"minecraft:fall_one_cm":124721,"minecraft:fly_one_cm":585382}},"DataVersion":2584}