{"stats":{"minecraft:used":{"minecraft:water_bucket":2,"minecraft:sand":5},"minecraft:custom":{"minecraft:jump":784,"minecraft:time_since_rest":3366,"minecraft:walk_on_water_one_cm":319,"minecraft:damage_dealt":38,"minecraft:crouch_one_cm":2605,"minecraft:play_one_minute":93192,"minecraft:deaths":1,"minecraft:leave_game":1,"minecraft:sprint_one_cm":358138,"minecraft:damage_taken":40,"minecraft:time_since_death":3365,"minecraft:walk_one_cm":664347,"minecraft:sneak_time":3850,"minecraft:fall_one_cm":91106,"minecraft:fly_one_cm":255625}},"DataVersion":2584}