{"stats":{"minecraft:killed_by":{"minecraft:player":6},"minecraft:custom":{"minecraft:open_barrel":11,"minecraft:time_since_rest":98570,"minecraft:crouch_one_cm":52569,"minecraft:play_one_minute":378654,"minecraft:deaths":10,"minecraft:sprint_one_cm":1644538,"minecraft:damage_taken":23416,"minecraft:walk_one_cm":421083,"minecraft:sneak_time":22048,"minecraft:walk_under_water_one_cm":5014,"minecraft:drop":2,"minecraft:boat_one_cm":1303,"minecraft:jump":10010,"minecraft:damage_dealt":6349,"minecraft:leave_game":6,"minecraft:walk_on_water_one_cm":26702,"minecraft:time_since_death":98568,"minecraft:climb_one_cm":86909,"minecraft:swim_one_cm":14688,"minecraft:fall_one_cm":753445,"minecraft:fly_one_cm":3614639,"minecraft:player_kills":1},"minecraft:used":{"minecraft:spruce_boat":1,"minecraft:light_gray_concrete":7,"minecraft:white_concrete":8},"minecraft:dropped":{"minecraft:stone":2},"minecraft:picked_up":{"minecraft:stone":3,"minecraft:spruce_boat":1}},"DataVersion":2584}