{"stats":{"minecraft:picked_up":{"minecraft:stone":1,"minecraft:cookie":1,"minecraft:diamond":1},"minecraft:dropped":{"minecraft:diamond":1,"minecraft:cookie":1,"minecraft:stone":1},"minecraft:custom":{"minecraft:open_barrel":7,"minecraft:leave_game":16,"minecraft:time_since_death":1335008,"minecraft:climb_one_cm":149398,"minecraft:time_since_rest":1335009,"minecraft:sprint_one_cm":6099759,"minecraft:damage_taken":5577,"minecraft:walk_one_cm":1836001,"minecraft:drop":3,"minecraft:damage_dealt":3119,"minecraft:swim_one_cm":32481,"minecraft:fly_one_cm":17483374,"minecraft:crouch_one_cm":197161,"minecraft:play_time":1789552,"minecraft:deaths":1,"minecraft:sneak_time":85142,"minecraft:walk_under_water_one_cm":13467,"minecraft:aviate_one_cm":45706,"minecraft:jump":42390,"minecraft:walk_on_water_one_cm":43489,"minecraft:total_world_time":13058,"minecraft:fall_one_cm":971926},"minecraft:used":{"minecraft:birch_planks":14,"minecraft:oak_fence":124,"minecraft:oak_planks":2694,"minecraft:brick_wall":2,"minecraft:purpur_block":1,"minecraft:stripped_acacia_wood":14,"minecraft:gray_carpet":4,"minecraft:nether_brick_fence":40,"minecraft:iron_bars":41,"minecraft:jungle_leaves":31,"minecraft:end_stone_bricks":4,"minecraft:polished_blackstone_brick_slab":32,"minecraft:end_rod":3,"minecraft:enchanting_table":1,"minecraft:polished_granite_stairs":17,"minecraft:pink_tulip":3,"minecraft:oak_sign":5,"minecraft:cobblestone_stairs":14,"minecraft:polished_basalt":72,"minecraft:acacia_log":2,"minecraft:white_tulip":1,"minecraft:orange_concrete":263,"minecraft:snow_block":2,"minecraft:light_blue_terracotta":37,"minecraft:red_nether_bricks":63,"minecraft:polished_andesite":98,"minecraft:smooth_quartz_slab":2,"minecraft:acacia_trapdoor":14,"minecraft:red_concrete":1756,"minecraft:bone_block":8,"minecraft:spruce_slab":9,"minecraft:blackstone_stairs":9,"minecraft:prismarine":2,"minecraft:poppy":1,"minecraft:ladder":82,"minecraft:birch_wood":1,"minecraft:blue_wool":1,"minecraft:white_concrete_powder":3,"minecraft:black_carpet":1,"minecraft:blackstone":8,"minecraft:spruce_planks":37,"minecraft:sandstone":49,"minecraft:white_terracotta":96,"minecraft:brown_concrete":303,"minecraft:stone":111,"minecraft:cut_sandstone":12,"minecraft:spruce_sign":38,"minecraft:red_nether_brick_stairs":3,"minecraft:clay":3,"minecraft:grass":9,"minecraft:dried_kelp_block":9,"minecraft:stripped_crimson_stem":1,"minecraft:polished_blackstone_bricks":188,"minecraft:oak_leaves":74,"minecraft:diamond_block":1,"minecraft:lime_terracotta":41,"minecraft:sand":1,"minecraft:lily_of_the_valley":1,"minecraft:terracotta":26,"minecraft:yellow_terracotta":59,"minecraft:oak_slab":23,"minecraft:dead_fire_coral_block":1,"minecraft:prismarine_bricks":2,"minecraft:brick_slab":10,"minecraft:jungle_planks":25,"minecraft:spruce_stairs":4,"minecraft:birch_sign":7,"minecraft:smooth_red_sandstone":1,"minecraft:light_gray_terracotta":79,"minecraft:allium":4,"minecraft:light_gray_concrete_powder":20,"minecraft:pink_terracotta":6,"minecraft:chiseled_quartz_block":1,"minecraft:end_stone":1,"minecraft:stone_brick_wall":105,"minecraft:beehive":1,"minecraft:spruce_fence":263,"minecraft:granite":57,"minecraft:azure_bluet":2,"minecraft:cake":1,"minecraft:warped_planks":1,"minecraft:dark_oak_door":13,"minecraft:oxeye_daisy":4,"minecraft:polished_diorite":33,"minecraft:glass":244,"minecraft:warped_trapdoor":11,"minecraft:birch_fence":32,"minecraft:birch_door":1,"minecraft:oak_log":159,"minecraft:red_sandstone":1,"minecraft:netherite_block":1,"minecraft:quartz_pillar":10,"minecraft:green_concrete":92,"minecraft:stone_brick_slab":105,"minecraft:dark_prismarine":22,"minecraft:black_concrete":427,"minecraft:cyan_terracotta":71,"minecraft:cornflower":1,"minecraft:red_tulip":5,"minecraft:bricks":196,"minecraft:chiseled_sandstone":1,"minecraft:daylight_detector":1,"minecraft:birch_fence_gate":2,"minecraft:black_stained_glass_pane":4,"minecraft:spruce_wood":31,"minecraft:light_gray_concrete":21,"minecraft:red_wool":1,"minecraft:grass_block":212,"minecraft:lantern":2,"minecraft:blue_orchid":5,"minecraft:oak_stairs":66,"minecraft:smooth_sandstone":2,"minecraft:brick_stairs":22,"minecraft:barrier":20,"minecraft:polished_andesite_stairs":24,"minecraft:quartz_block":2,"minecraft:green_wool":4,"minecraft:stone_slab":272,"minecraft:polished_granite":7,"minecraft:polished_blackstone_brick_stairs":97,"minecraft:spruce_trapdoor":138,"minecraft:gray_concrete_powder":13,"minecraft:smooth_quartz":3,"minecraft:gravel":10,"minecraft:polished_andesite_slab":9,"minecraft:barrel":72,"minecraft:stone_brick_stairs":119,"minecraft:stone_bricks":217,"minecraft:yellow_concrete_powder":1,"minecraft:chiseled_stone_bricks":19,"minecraft:stripped_warped_hyphae":1,"minecraft:basalt":7,"minecraft:birch_trapdoor":14,"minecraft:cobblestone":98,"minecraft:red_carpet":10,"minecraft:redstone_lamp":4,"minecraft:lime_concrete":18,"minecraft:hay_block":31,"minecraft:iron_trapdoor":11,"minecraft:oak_sapling":2,"minecraft:andesite":12,"minecraft:green_concrete_powder":82,"minecraft:lapis_block":1,"minecraft:chain":5,"minecraft:acacia_wood":17,"minecraft:smooth_stone_slab":1640,"minecraft:skeleton_skull":1,"minecraft:stripped_oak_log":5,"minecraft:pink_concrete_powder":1,"minecraft:white_concrete":53,"minecraft:dandelion":6,"minecraft:gray_wool":3,"minecraft:brown_mushroom_block":96,"minecraft:orange_terracotta":7,"minecraft:dark_prismarine_stairs":1,"minecraft:smooth_stone":8,"minecraft:brown_concrete_powder":1,"minecraft:gray_stained_glass":6}},"DataVersion":2724}