{"stats":{"minecraft:custom":{"minecraft:jump":1522,"minecraft:time_since_rest":48715,"minecraft:damage_dealt":195,"minecraft:crouch_one_cm":9369,"minecraft:play_one_minute":48715,"minecraft:leave_game":1,"minecraft:walk_on_water_one_cm":3049,"minecraft:sprint_one_cm":320003,"minecraft:damage_taken":180,"minecraft:time_since_death":48715,"minecraft:walk_one_cm":65705,"minecraft:sneak_time":3194,"minecraft:climb_one_cm":14148,"minecraft:walk_under_water_one_cm":518,"minecraft:swim_one_cm":1921,"minecraft:fall_one_cm":101719,"minecraft:fly_one_cm":708916,"minecraft:open_barrel":1}},"DataVersion":2584}