{"stats":{"minecraft:custom":{"minecraft:jump":1667,"minecraft:time_since_rest":49678,"minecraft:damage_dealt":192,"minecraft:play_one_minute":49678,"minecraft:crouch_one_cm":5034,"minecraft:damage_taken":193,"minecraft:leave_game":1,"minecraft:sprint_one_cm":257282,"minecraft:time_since_death":49678,"minecraft:walk_on_water_one_cm":3900,"minecraft:walk_one_cm":45918,"minecraft:sneak_time":2886,"minecraft:climb_one_cm":16297,"minecraft:walk_under_water_one_cm":1123,"minecraft:swim_one_cm":892,"minecraft:fall_one_cm":97902,"minecraft:fly_one_cm":701712}},"DataVersion":2584}