{"stats":{"minecraft:used":{"minecraft:oak_fence":70,"minecraft:dark_oak_stairs":1,"minecraft:nether_brick_fence":152,"minecraft:water_bucket":18,"minecraft:polished_blackstone_brick_slab":3,"minecraft:iron_bars":17,"minecraft:red_sand":2,"minecraft:acacia_log":11,"minecraft:orange_concrete":78,"minecraft:carved_pumpkin":6,"minecraft:stripped_birch_log":6,"minecraft:red_concrete":556,"minecraft:oak_planks":766,"minecraft:oak_sign":1,"minecraft:polished_andesite":4,"minecraft:red_nether_bricks":1,"minecraft:lime_wool":2,"minecraft:ladder":38,"minecraft:light_blue_terracotta":3,"minecraft:polished_basalt":15,"minecraft:white_terracotta":33,"minecraft:brown_concrete":188,"minecraft:stone":25,"minecraft:cut_sandstone":6,"minecraft:stripped_birch_wood":9,"minecraft:stonecutter":5,"minecraft:clay":6,"minecraft:player_head":11,"minecraft:oak_door":1,"minecraft:polished_blackstone_bricks":1,"minecraft:oak_leaves":72,"minecraft:green_glazed_terracotta":5,"minecraft:dark_oak_trapdoor":15,"minecraft:mossy_cobblestone":1,"minecraft:lime_terracotta":11,"minecraft:yellow_terracotta":6,"minecraft:vine":1,"minecraft:oak_slab":159,"minecraft:loom":2,"minecraft:nether_bricks":1,"minecraft:spruce_stairs":1,"minecraft:acacia_leaves":62,"minecraft:oak_wood":58,"minecraft:pink_terracotta":2,"minecraft:beehive":2,"minecraft:infested_stone_bricks":14,"minecraft:red_sandstone_wall":5,"minecraft:cake":1,"minecraft:warped_planks":1,"minecraft:nether_brick_stairs":5,"minecraft:dark_oak_door":1,"minecraft:polished_diorite":2,"minecraft:oak_log":18,"minecraft:birch_door":2,"minecraft:spruce_boat":4,"minecraft:sticky_piston":1,"minecraft:stripped_dark_oak_wood":11,"minecraft:flower_pot":1,"minecraft:stone_brick_slab":2,"minecraft:green_concrete":95,"minecraft:lever":5,"minecraft:warped_trapdoor":1,"minecraft:cyan_terracotta":1,"minecraft:black_concrete":21,"minecraft:bricks":25,"minecraft:bookshelf":6,"minecraft:light_gray_stained_glass":7,"minecraft:black_stained_glass_pane":7,"minecraft:light_gray_concrete":2,"minecraft:spruce_wood":21,"minecraft:lantern":26,"minecraft:grass_block":1,"minecraft:oak_stairs":57,"minecraft:slime_block":22,"minecraft:acacia_slab":2,"minecraft:stone_slab":13,"minecraft:red_terracotta":18,"minecraft:polished_blackstone_brick_stairs":23,"minecraft:spruce_trapdoor":1,"minecraft:pink_stained_glass_pane":1,"minecraft:prismarine_wall":1,"minecraft:gravel":9,"minecraft:prismarine_slab":1,"minecraft:stone_bricks":9,"minecraft:bedrock":1,"minecraft:basalt":2,"minecraft:cobblestone":5,"minecraft:fishing_rod":80,"minecraft:redstone_lamp":1,"minecraft:lime_concrete":27,"minecraft:potion":1,"minecraft:emerald_block":1,"minecraft:iron_trapdoor":5,"minecraft:lime_stained_glass":5,"minecraft:dark_oak_fence":1,"minecraft:green_concrete_powder":2,"minecraft:jungle_door":5,"minecraft:bucket":17,"minecraft:birch_log":1,"minecraft:gold_block":7,"minecraft:acacia_wood":17,"minecraft:smooth_stone_slab":17,"minecraft:stripped_oak_log":1,"minecraft:white_concrete":84,"minecraft:orange_terracotta":4,"minecraft:polished_blackstone_stairs":14,"minecraft:golden_axe":1,"minecraft:lime_glazed_terracotta":1},"minecraft:custom":{"minecraft:play_one_minute":1032509,"minecraft:pot_flower":1,"minecraft:leave_game":5,"minecraft:time_since_death":728949,"minecraft:climb_one_cm":108259,"minecraft:time_since_rest":728952,"minecraft:sprint_one_cm":4569470,"minecraft:damage_taken":8710,"minecraft:walk_one_cm":940408,"minecraft:drop":8,"minecraft:damage_dealt":9350,"minecraft:fly_one_cm":11670947,"minecraft:swim_one_cm":100364,"minecraft:player_kills":6,"minecraft:crouch_one_cm":75806,"minecraft:deaths":8,"minecraft:sneak_time":36611,"minecraft:walk_under_water_one_cm":26161,"minecraft:boat_one_cm":1341,"minecraft:jump":27868,"minecraft:walk_on_water_one_cm":67170,"minecraft:fall_one_cm":1156546},"minecraft:picked_up":{"minecraft:gilded_blackstone":1,"minecraft:beetroot_soup":1,"minecraft:jungle_sapling":1,"minecraft:oak_fence":1,"minecraft:cookie":1,"minecraft:tnt":1},"minecraft:dropped":{"minecraft:tnt":1,"minecraft:cookie":1,"minecraft:stone":1,"minecraft:spruce_boat":1,"minecraft:jungle_sapling":1,"minecraft:gilded_blackstone":1,"minecraft:stonecutter":1,"minecraft:beetroot_soup":1}},"DataVersion":2584}