{"stats":{"minecraft:custom":{"minecraft:jump":1733,"minecraft:time_since_rest":48789,"minecraft:crouch_one_cm":4840,"minecraft:damage_dealt":389,"minecraft:play_one_minute":48789,"minecraft:leave_game":1,"minecraft:damage_taken":222,"minecraft:sprint_one_cm":249210,"minecraft:walk_on_water_one_cm":5343,"minecraft:time_since_death":48789,"minecraft:walk_one_cm":70670,"minecraft:sneak_time":1828,"minecraft:climb_one_cm":8531,"minecraft:walk_under_water_one_cm":4236,"minecraft:swim_one_cm":234,"minecraft:fall_one_cm":115605,"minecraft:fly_one_cm":767560}},"DataVersion":2584}