{"stats":{"minecraft:custom":{"minecraft:open_barrel":2,"minecraft:play_one_minute":1242963,"minecraft:interact_with_loom":3,"minecraft:interact_with_stonecutter":2,"minecraft:leave_game":15,"minecraft:time_since_death":608217,"minecraft:climb_one_cm":112999,"minecraft:time_since_rest":608218,"minecraft:sprint_one_cm":3688457,"minecraft:damage_taken":7169,"minecraft:walk_one_cm":1405863,"minecraft:drop":6,"minecraft:damage_dealt":6104,"minecraft:swim_one_cm":46475,"minecraft:fly_one_cm":15629772,"minecraft:crouch_one_cm":168207,"minecraft:deaths":1,"minecraft:sneak_time":82577,"minecraft:walk_under_water_one_cm":24556,"minecraft:jump":30915,"minecraft:walk_on_water_one_cm":71786,"minecraft:fall_one_cm":1158732},"minecraft:killed_by":{"minecraft:player":1},"minecraft:used":{"minecraft:oak_fence":274,"minecraft:petrified_oak_slab":31,"minecraft:dark_oak_stairs":7,"minecraft:nether_brick_fence":6,"minecraft:water_bucket":1,"minecraft:blue_terracotta":4,"minecraft:iron_bars":12,"minecraft:rose_bush":1,"minecraft:red_sand":12,"minecraft:acacia_log":71,"minecraft:spruce_door":4,"minecraft:orange_concrete":806,"minecraft:melon":1,"minecraft:red_concrete":3248,"minecraft:spruce_slab":2,"minecraft:dark_oak_sign":3,"minecraft:oak_planks":9062,"minecraft:lime_wool":3,"minecraft:ladder":111,"minecraft:oak_sign":1,"minecraft:light_blue_terracotta":4,"minecraft:polished_basalt":1,"minecraft:lime_concrete_powder":2,"minecraft:spruce_planks":7,"minecraft:brown_concrete":844,"minecraft:stone":840,"minecraft:redstone_block":213,"minecraft:stonecutter":3,"minecraft:oak_door":23,"minecraft:player_head":27,"minecraft:purpur_pillar":8,"minecraft:cracked_stone_bricks":40,"minecraft:dried_kelp_block":2,"minecraft:green_terracotta":50,"minecraft:polished_blackstone_bricks":68,"minecraft:oak_leaves":4,"minecraft:yellow_terracotta":16,"minecraft:sand":12,"minecraft:lime_terracotta":5,"minecraft:oak_slab":2,"minecraft:vine":3,"minecraft:light_blue_concrete":390,"minecraft:dark_prismarine_slab":4,"minecraft:tnt":84,"minecraft:loom":18,"minecraft:brick_slab":42,"minecraft:nether_bricks":10,"minecraft:light_gray_terracotta":1,"minecraft:yellow_concrete":13,"minecraft:acacia_leaves":18,"minecraft:gray_concrete":7,"minecraft:spruce_fence":4,"minecraft:cyan_wool":8,"minecraft:dark_oak_door":2,"minecraft:obsidian":2,"minecraft:nether_gold_ore":18,"minecraft:glass":1,"minecraft:sticky_piston":41,"minecraft:flower_pot":8,"minecraft:netherite_block":14,"minecraft:stone_brick_slab":21,"minecraft:green_concrete":277,"minecraft:lever":6,"minecraft:black_concrete":29,"minecraft:lava_bucket":8,"minecraft:bricks":130,"minecraft:bookshelf":7,"minecraft:crying_obsidian":65,"minecraft:dark_oak_log":6,"minecraft:light_gray_concrete":1,"minecraft:red_wool":3,"minecraft:spruce_wood":120,"minecraft:lantern":1,"minecraft:grass_block":8,"minecraft:oak_stairs":81,"minecraft:barrier":40,"minecraft:slime_block":66,"minecraft:quartz_block":9,"minecraft:stone_slab":367,"minecraft:polished_blackstone_brick_stairs":55,"minecraft:purpur_slab":2,"minecraft:spruce_trapdoor":48,"minecraft:iron_door":15,"minecraft:cut_red_sandstone":1,"minecraft:gravel":3,"minecraft:barrel":12,"minecraft:stone_brick_stairs":32,"minecraft:stone_bricks":163,"minecraft:stripped_warped_hyphae":1,"minecraft:cobblestone":22,"minecraft:lime_concrete":130,"minecraft:snow":24,"minecraft:iron_trapdoor":19,"minecraft:andesite":2,"minecraft:green_concrete_powder":4,"minecraft:chain_command_block":12,"minecraft:acacia_fence":1,"minecraft:acacia_wood":3,"minecraft:smooth_stone_slab":63,"minecraft:end_portal_frame":3,"minecraft:stone_pressure_plate":3,"minecraft:white_concrete":559,"minecraft:coarse_dirt":3,"minecraft:observer":7,"minecraft:splash_potion":3,"minecraft:smooth_stone":5},"minecraft:dropped":{"minecraft:oak_fence":1,"minecraft:cobblestone":1,"minecraft:cracked_stone_bricks":1,"minecraft:stone_bricks":1,"minecraft:stone_brick_stairs":1,"minecraft:stone_brick_slab":1},"minecraft:picked_up":{"minecraft:stone_brick_stairs":1,"minecraft:stone_bricks":1,"minecraft:cracked_stone_bricks":1,"minecraft:oak_planks":1,"minecraft:stone_brick_slab":1,"minecraft:light_gray_concrete":1,"minecraft:cobblestone":1}},"DataVersion":2584}