{"stats":{"minecraft:picked_up":{"minecraft:stonecutter":1},"minecraft:used":{"minecraft:dark_oak_planks":11,"minecraft:dark_oak_stairs":36,"minecraft:dark_prismarine":71,"minecraft:flower_pot":2,"minecraft:cyan_terracotta":24,"minecraft:black_concrete":6,"minecraft:bricks":111,"minecraft:stripped_dark_oak_wood":4,"minecraft:acacia_log":58,"minecraft:orange_concrete":24,"minecraft:dark_oak_log":150,"minecraft:light_gray_concrete":7,"minecraft:red_concrete":38,"minecraft:oak_stairs":5,"minecraft:oak_planks":136,"minecraft:stripped_warped_stem":5,"minecraft:blackstone":37,"minecraft:red_terracotta":14,"minecraft:stone":2,"minecraft:brown_concrete":6,"minecraft:polished_granite":10,"minecraft:dark_oak_slab":8,"minecraft:cut_red_sandstone":7,"minecraft:stonecutter":8,"minecraft:stone_brick_stairs":3,"minecraft:gilded_blackstone":39,"minecraft:stripped_dark_oak_log":13,"minecraft:terracotta":18,"minecraft:oak_slab":14,"minecraft:loom":37,"minecraft:dark_oak_fence":69,"minecraft:stripped_oak_log":15,"minecraft:white_concrete":7,"minecraft:infested_stone_bricks":123,"minecraft:spruce_fence":12,"minecraft:spruce_log":5,"minecraft:stripped_spruce_log":6},"minecraft:dropped":{"minecraft:dark_oak_log":1,"minecraft:oak_planks":1,"minecraft:light_gray_concrete":1},"minecraft:custom":{"minecraft:time_since_rest":142220,"minecraft:sprint_one_cm":481150,"minecraft:walk_one_cm":149370,"minecraft:damage_taken":172,"minecraft:drop":3,"minecraft:damage_dealt":258,"minecraft:swim_one_cm":2061,"minecraft:fly_one_cm":1795963,"minecraft:crouch_one_cm":8015,"minecraft:play_one_minute":142220,"minecraft:interact_with_loom":5,"minecraft:sneak_time":5500,"minecraft:walk_under_water_one_cm":191,"minecraft:pot_flower":2,"minecraft:jump":3106,"minecraft:interact_with_stonecutter":1,"minecraft:leave_game":1,"minecraft:walk_on_water_one_cm":2971,"minecraft:time_since_death":142220,"minecraft:climb_one_cm":26252,"minecraft:fall_one_cm":120956}},"DataVersion":2584}