{"stats":{"minecraft:custom":{"minecraft:jump":990,"minecraft:time_since_rest":81897,"minecraft:damage_dealt":197,"minecraft:play_one_minute":81897,"minecraft:crouch_one_cm":8622,"minecraft:damage_taken":201,"minecraft:leave_game":4,"minecraft:sprint_one_cm":364855,"minecraft:time_since_death":81897,"minecraft:walk_on_water_one_cm":11031,"minecraft:walk_one_cm":197425,"minecraft:sneak_time":4631,"minecraft:climb_one_cm":18840,"minecraft:walk_under_water_one_cm":6078,"minecraft:swim_one_cm":787,"minecraft:fall_one_cm":101358,"minecraft:fly_one_cm":897973}},"DataVersion":2584}