{"stats":{"minecraft:used":{"minecraft:black_concrete":4,"minecraft:enchanting_table":1,"minecraft:firework_rocket":2,"minecraft:bow":4,"minecraft:crafting_table":2,"minecraft:crossbow":10,"minecraft:white_concrete":25,"minecraft:splash_potion":15,"minecraft:milk_bucket":5},"minecraft:crafted":{"minecraft:firework_star":64,"minecraft:firework_rocket":384},"minecraft:custom":{"minecraft:time_since_rest":25462,"minecraft:play_one_minute":25462,"minecraft:crouch_one_cm":757,"minecraft:sprint_one_cm":52231,"minecraft:damage_taken":20,"minecraft:walk_one_cm":44737,"minecraft:sneak_time":587,"minecraft:jump":259,"minecraft:damage_dealt":18,"minecraft:time_since_death":25462,"minecraft:climb_one_cm":3139,"minecraft:fly_one_cm":149799,"minecraft:interact_with_crafting_table":4,"minecraft:fall_one_cm":16851}},"DataVersion":2584}