{"stats":{"minecraft:used":{"minecraft:warped_fungus_on_a_stick":6},"minecraft:custom":{"minecraft:jump":853,"minecraft:time_since_rest":7658,"minecraft:damage_dealt":0,"minecraft:deaths":6,"minecraft:play_one_minute":34727,"minecraft:crouch_one_cm":427,"minecraft:damage_taken":1400,"minecraft:leave_game":1,"minecraft:sprint_one_cm":164088,"minecraft:time_since_death":7632,"minecraft:walk_on_water_one_cm":259,"minecraft:walk_one_cm":22975,"minecraft:sneak_time":90,"minecraft:walk_under_water_one_cm":2079,"minecraft:climb_one_cm":227,"minecraft:damage_resisted":41290,"minecraft:swim_one_cm":5554,"minecraft:tune_noteblock":25,"minecraft:fall_one_cm":476245,"minecraft:fly_one_cm":334178}},"DataVersion":2586}