{"stats":{"minecraft:used":{"minecraft:packed_ice":22,"minecraft:lime_concrete":33,"minecraft:warped_fungus_on_a_stick":1115,"minecraft:iron_trapdoor":2,"minecraft:blue_stained_glass":5,"minecraft:lime_stained_glass":15,"minecraft:ladder":8,"minecraft:repeating_command_block":1,"minecraft:cyan_concrete":3,"minecraft:redstone_block":4,"minecraft:blue_concrete":14},"minecraft:custom":{"minecraft:time_since_rest":16410,"minecraft:crouch_one_cm":17924,"minecraft:play_one_minute":599250,"minecraft:sprint_one_cm":1828121,"minecraft:deaths":5,"minecraft:damage_taken":1480,"minecraft:walk_one_cm":175222,"minecraft:sneak_time":8741,"minecraft:walk_under_water_one_cm":77303,"minecraft:jump":12158,"minecraft:damage_dealt":0,"minecraft:leave_game":8,"minecraft:walk_on_water_one_cm":5218,"minecraft:time_since_death":16382,"minecraft:climb_one_cm":3442,"minecraft:damage_resisted":33095,"minecraft:swim_one_cm":87826,"minecraft:fall_one_cm":1614358,"minecraft:tune_noteblock":190,"minecraft:fly_one_cm":5161321}},"DataVersion":2586}