{"stats":{"minecraft:used":{"minecraft:warped_fungus_on_a_stick":230},"minecraft:custom":{"minecraft:jump":3220,"minecraft:time_since_rest":9182,"minecraft:damage_dealt":0,"minecraft:damage_taken":4080,"minecraft:play_one_minute":121660,"minecraft:crouch_one_cm":13104,"minecraft:leave_game":2,"minecraft:time_since_death":9160,"minecraft:sprint_one_cm":538877,"minecraft:walk_one_cm":62930,"minecraft:walk_on_water_one_cm":1595,"minecraft:deaths":13,"minecraft:sneak_time":5312,"minecraft:walk_under_water_one_cm":24934,"minecraft:climb_one_cm":237,"minecraft:damage_resisted":25430,"minecraft:swim_one_cm":32597,"minecraft:tune_noteblock":57,"minecraft:fall_one_cm":417071,"minecraft:fly_one_cm":2340758}},"DataVersion":2586}