{"stats":{"minecraft:crafted":{"minecraft:leather_boots":1},"minecraft:custom":{"minecraft:interact_with_anvil":2,"minecraft:interact_with_crafting_table":1,"minecraft:tune_noteblock":108,"minecraft:play_one_minute":459672,"minecraft:leave_game":4,"minecraft:time_since_death":148738,"minecraft:climb_one_cm":2866,"minecraft:damage_resisted":8257,"minecraft:time_since_rest":148765,"minecraft:sprint_one_cm":1014681,"minecraft:damage_taken":4140,"minecraft:walk_one_cm":222177,"minecraft:drop":3,"minecraft:damage_dealt":0,"minecraft:swim_one_cm":87469,"minecraft:fly_one_cm":4636778,"minecraft:crouch_one_cm":66915,"minecraft:deaths":37,"minecraft:sneak_time":28499,"minecraft:walk_under_water_one_cm":37101,"minecraft:jump":6725,"minecraft:walk_on_water_one_cm":3523,"minecraft:fall_one_cm":513328},"minecraft:used":{"minecraft:water_bucket":53,"minecraft:crimson_fence":48,"minecraft:warped_fungus_on_a_stick":437,"minecraft:red_concrete":550,"minecraft:redstone":111,"minecraft:carrot_on_a_stick":52,"minecraft:ladder":19,"minecraft:brown_concrete":9,"minecraft:redstone_block":11,"minecraft:warped_sign":6,"minecraft:debug_stick":48,"minecraft:white_wool":164,"minecraft:pink_concrete":13,"minecraft:soul_sand":4,"minecraft:anvil":1,"minecraft:comparator":20,"minecraft:light_blue_concrete":86,"minecraft:infested_chiseled_stone_bricks":12,"minecraft:tnt":12,"minecraft:oak_slab":27,"minecraft:crafting_table":1,"minecraft:blue_stained_glass":335,"minecraft:birch_sign":13,"minecraft:yellow_stained_glass_pane":10,"minecraft:yellow_concrete":196,"minecraft:blue_ice":43,"minecraft:note_block":3,"minecraft:warped_pressure_plate":16,"minecraft:blue_concrete":113,"minecraft:spruce_log":85,"minecraft:birch_fence":4,"minecraft:redstone_torch":3,"minecraft:oak_log":101,"minecraft:sticky_piston":30,"minecraft:piston":13,"minecraft:lever":1,"minecraft:packed_ice":121,"minecraft:black_concrete":44,"minecraft:warped_trapdoor":7,"minecraft:command_block":2,"minecraft:yellow_stained_glass":24,"minecraft:slime_block":42,"minecraft:warped_slab":8,"minecraft:stone_button":3,"minecraft:crimson_slab":5,"minecraft:cyan_concrete":279,"minecraft:magenta_concrete":63,"minecraft:polished_granite":8,"minecraft:purpur_slab":129,"minecraft:dark_oak_button":4,"minecraft:crimson_sign":3,"minecraft:bedrock":27,"minecraft:fire_charge":3,"minecraft:repeater":20,"minecraft:redstone_lamp":2,"minecraft:lime_concrete":88,"minecraft:iron_trapdoor":2,"minecraft:lime_stained_glass":2,"minecraft:repeating_command_block":26,"minecraft:ice":3,"minecraft:polished_blackstone_button":12,"minecraft:white_concrete":64,"minecraft:warped_button":5,"minecraft:observer":10,"minecraft:cobweb":125},"minecraft:picked_up":{"minecraft:dark_oak_button":2,"minecraft:repeater":2,"minecraft:ladder":2,"minecraft:comparator":1,"minecraft:warped_pressure_plate":3,"minecraft:redstone":21,"minecraft:polished_blackstone_button":4,"minecraft:red_concrete":24},"minecraft:dropped":{"minecraft:warped_fungus_on_a_stick":1,"minecraft:carrot_on_a_stick":1,"minecraft:cobweb":1}},"DataVersion":2580}