{"stats":{"minecraft:used":{"minecraft:warped_fungus_on_a_stick":125},"minecraft:custom":{"minecraft:jump":1217,"minecraft:time_since_rest":30916,"minecraft:leave_game":1,"minecraft:crouch_one_cm":5058,"minecraft:play_one_minute":34081,"minecraft:walk_on_water_one_cm":953,"minecraft:deaths":5,"minecraft:sprint_one_cm":182879,"minecraft:damage_taken":1640,"minecraft:time_since_death":30889,"minecraft:walk_one_cm":20789,"minecraft:sneak_time":2884,"minecraft:walk_under_water_one_cm":2312,"minecraft:climb_one_cm":4573,"minecraft:damage_resisted":8640,"minecraft:swim_one_cm":13874,"minecraft:tune_noteblock":14,"minecraft:fall_one_cm":151146,"minecraft:fly_one_cm":1303930}},"DataVersion":2586}