{"stats":{"minecraft:custom":{"minecraft:jump":1011,"minecraft:time_since_rest":14015,"minecraft:crouch_one_cm":1298,"minecraft:play_one_minute":41625,"minecraft:walk_on_water_one_cm":439,"minecraft:deaths":3,"minecraft:sprint_one_cm":146051,"minecraft:damage_taken":1040,"minecraft:time_since_death":14013,"minecraft:walk_one_cm":63190,"minecraft:sneak_time":648,"minecraft:walk_under_water_one_cm":14954,"minecraft:climb_one_cm":403,"minecraft:damage_resisted":28643,"minecraft:tune_noteblock":38,"minecraft:fall_one_cm":340727,"minecraft:fly_one_cm":374338},"minecraft:used":{"minecraft:warped_fungus_on_a_stick":4}},"DataVersion":2584}