{"stats":{"minecraft:killed_by":{"minecraft:player":40},"minecraft:custom":{"minecraft:time_since_rest":86457,"minecraft:sprint_one_cm":274927,"minecraft:damage_taken":34114,"minecraft:walk_one_cm":335740,"minecraft:mob_kills":1,"minecraft:drop":10,"minecraft:damage_dealt":2469,"minecraft:fly_one_cm":2268457,"minecraft:player_kills":40,"minecraft:play_one_minute":683714,"minecraft:crouch_one_cm":118217,"minecraft:sneak_time":79933,"minecraft:deaths":67,"minecraft:jump":5542,"minecraft:leave_game":10,"minecraft:time_since_death":86456,"minecraft:climb_one_cm":1529414,"minecraft:fall_one_cm":975475},"minecraft:killed":{"minecraft:blaze":1},"minecraft:picked_up":{"minecraft:stick":1,"minecraft:blaze_rod":1},"minecraft:used":{"minecraft:iron_bars":80,"minecraft:stone_sword":51,"minecraft:command_block":11,"minecraft:red_concrete":187,"minecraft:quartz_slab":50,"minecraft:iron_block":78,"minecraft:light_weighted_pressure_plate":8,"minecraft:slime_block":227,"minecraft:ladder":1211,"minecraft:quartz_block":832,"minecraft:magenta_concrete":100,"minecraft:polished_granite":12,"minecraft:redstone_block":260,"minecraft:blaze_spawn_egg":1,"minecraft:salmon":1,"minecraft:pink_concrete":2,"minecraft:fishing_rod":104,"minecraft:diamond_block":5,"minecraft:diamond_sword":2,"minecraft:glowstone":1,"minecraft:wooden_sword":39,"minecraft:dirt":1,"minecraft:lime_concrete":91,"minecraft:bow":1244,"minecraft:light_blue_concrete":192,"minecraft:oak_sapling":1,"minecraft:yellow_concrete":181,"minecraft:blue_ice":1,"minecraft:gold_block":7,"minecraft:gray_concrete":351,"minecraft:cooked_beef":120,"minecraft:cobweb":28},"minecraft:dropped":{"minecraft:cooked_beef":182,"minecraft:wooden_sword":1,"minecraft:arrow":5,"minecraft:bow":1,"minecraft:fishing_rod":1,"minecraft:stick":1}},"DataVersion":2586}