{"stats":{"minecraft:custom":{"minecraft:time_since_rest":7336,"minecraft:crouch_one_cm":7835,"minecraft:play_one_minute":144389,"minecraft:sprint_one_cm":60301,"minecraft:deaths":53,"minecraft:damage_taken":24744,"minecraft:walk_one_cm":71609,"minecraft:sneak_time":9679,"minecraft:drop":106,"minecraft:jump":1819,"minecraft:damage_dealt":1308,"minecraft:leave_game":1,"minecraft:time_since_death":7333,"minecraft:climb_one_cm":715352,"minecraft:fall_one_cm":370655,"minecraft:fly_one_cm":266367,"minecraft:player_kills":11},"minecraft:picked_up":{"minecraft:bow":3},"minecraft:killed_by":{"minecraft:player":38},"minecraft:dropped":{"minecraft:bow":5,"minecraft:arrow":2,"minecraft:cooked_beef":97,"minecraft:stick":2},"minecraft:used":{"minecraft:bow":455,"minecraft:cooked_beef":83}},"DataVersion":2584}