{"stats":{"minecraft:custom":{"minecraft:jump":593,"minecraft:time_since_rest":31423,"minecraft:crouch_one_cm":20499,"minecraft:damage_dealt":2903,"minecraft:play_one_minute":42979,"minecraft:deaths":2,"minecraft:sprint_one_cm":19143,"minecraft:damage_taken":4239,"minecraft:time_since_death":31422,"minecraft:walk_one_cm":21347,"minecraft:sneak_time":13530,"minecraft:climb_one_cm":274296,"minecraft:fall_one_cm":157410,"minecraft:fly_one_cm":69928,"minecraft:player_kills":2},"minecraft:killed_by":{"minecraft:player":2},"minecraft:used":{"minecraft:wooden_sword":75,"minecraft:cooked_beef":36,"minecraft:fishing_rod":16,"minecraft:stone_sword":81,"minecraft:bow":75}},"DataVersion":2584}