{"stats":{"minecraft:custom":{"minecraft:jump":564,"minecraft:time_since_rest":24,"minecraft:leave_game":1,"minecraft:crouch_one_cm":6738,"minecraft:damage_dealt":956,"minecraft:play_one_minute":39624,"minecraft:deaths":9,"minecraft:sprint_one_cm":30051,"minecraft:damage_taken":3652,"minecraft:time_since_death":17,"minecraft:walk_one_cm":54332,"minecraft:sneak_time":6212,"minecraft:climb_one_cm":207015,"minecraft:fall_one_cm":172178,"minecraft:fly_one_cm":75153,"minecraft:player_kills":2},"minecraft:killed_by":{"minecraft:player":2},"minecraft:used":{"minecraft:wooden_sword":29,"minecraft:cooked_beef":10,"minecraft:fishing_rod":55,"minecraft:stone_sword":38,"minecraft:bow":51}},"DataVersion":2584}