{
  "pools": [
    {
      "rolls": 1,
      "entries": [
        {
          "type": "minecraft:item",
          "name": "minecraft:lever",
          "functions": [
            {
              "function": "minecraft:set_nbt",
              "tag": "{CanPlaceOn:[\"minecraft:polished_diorite\"]}"
            },
            {
              "function": "minecraft:set_name",
              "entity": "this",
              "name": "Key"
            }
          ]
        }
      ]
    }
  ]
}