{
  "pools": [
    {
      "rolls": 1,
      "entries": [
        {
          "type": "minecraft:item",
          "name": "minecraft:soul_torch",
          "functions": [
            {
              "function": "minecraft:set_nbt",
              "tag": "{CanPlaceOn:[\"minecraft:dark_oak_planks\",\"minecraft:stone_bricks\",\"minecraft:stone_brick_stairs\",\"minecraft:cobblestone\",\"minecraft:cobble_stone_stairs\",\"minecraft:spawner\",\"minecraft:gold_block\",\"minecraft:diamond_block\",\"minecraft:stone\",\"minecraft:dark_oak_stairs\",\"minecraft:mossy_cobblestone\",\"minecraft:mossy_stone_bricks\",\"minecraft:cracked_stone_bricks\",\"minecraft:polished_andesite\",\"minecraft:smooth_stone\",\"minecraft:smooth_stone_slab\",\"minecraft:spruce_log\",\"minecraft:gravel\",\"minecraft:bookshelf\"]}"
            }
          ]
        }
      ]
    }
  ]
}