{
   "type":"minecraft:block",
   "pools":[
      {
         "rolls":1,
         "entries":[
            {
               "type":"minecraft:item",
               "name":"minecraft:diamond",
               "functions":[
                  {
                     "function":"minecraft:set_count",
                     "count":{
                        "min":8,
                        "max":12
                     }
                  }
               ]
            }
         ]
      },
      {
         "rolls":1,
         "entries":[
	            {
	          "type": "minecraft:item",
             "weight":25,
	          "name": "minecraft:lever",
	          "functions": [
	            {
	              "function": "minecraft:set_nbt",
	              "tag": "{CanPlaceOn:[\"minecraft:polished_diorite\"]}"
	            },
	            {
	              "function": "minecraft:set_name",
	              "entity": "this",
	              "name": "Key"
	            }
	          ]
	        },
            {
               "type":"minecraft:item",
               "weight":70,
               "name":"minecraft:soul_torch",
               "functions":[
                  {
                     "function":"minecraft:set_count",
                     "count":{
                        "min":7,
                        "max":12
                     }
                  },
                  {
	                 "function": "minecraft:set_nbt",
	                 "tag": "{CanPlaceOn:[\"minecraft:dark_oak_planks\",\"minecraft:stone_bricks\",\"minecraft:stone_brick_stairs\",\"minecraft:cobblestone\",\"minecraft:cobble_stone_stairs\",\"minecraft:spawner\",\"minecraft:gold_block\",\"minecraft:diamond_block\",\"minecraft:stone\",\"minecraft:dark_oak_stairs\",\"minecraft:mossy_cobblestone\",\"minecraft:mossy_stone_bricks\",\"minecraft:cracked_stone_bricks\",\"minecraft:polished_andesite\",\"minecraft:smooth_stone\",\"minecraft:smooth_stone_slab\",\"minecraft:spruce_log\",\"minecraft:gravel\",\"minecraft:bookshelf\"]}"
	              }
               ]
            },
            {
               "type":"minecraft:item",
               "weight":10,
               "name":"minecraft:stone_axe"
            },
            {
               "type":"minecraft:item",
               "weight":60,
               "name":"minecraft:apple",
               "functions":[
                  {
                     "function":"minecraft:set_count",
                     "count":{
                        "min":2,
                        "max":3
                     }
                  }
               ]
            },
            {
               "type":"minecraft:item",
               "weight":10,
               "name":"minecraft:leather_helmet"
            },
            {
               "type":"minecraft:item",
               "weight":10,
               "name":"minecraft:leather_leggings"
            },
            {
               "type":"minecraft:item",
               "weight":10,
               "name":"minecraft:leather_boots"
            },
            {
               "type":"minecraft:item",
               "weight":40,
               "name":"minecraft:cooked_porkchop",
               "functions":[
                  {
                     "function":"minecraft:set_count",
                     "count":{
                        "min":1,
                        "max":3
                     }
                  }
               ]
            },
            {
               "type":"minecraft:item",
               "weight":40,
               "name":"minecraft:arrow",
               "functions":[
                  {
                     "function":"minecraft:set_count",
                     "count":{
                        "min":4,
                        "max":6
                     }
                  }
               ]
            },
            {
               "type":"minecraft:item",
               "weight":5,
               "name":"minecraft:crossbow"
            },
            {
               "type":"minecraft:item",
               "weight":5,
               "name":"minecraft:iron_sword"
            },
            {
               "type":"minecraft:item",
               "weight":5,
               "name":"minecraft:iron_axe"
            },
            {
               "type":"minecraft:item",
               "weight":5,
               "name":"minecraft:iron_helmet"
            },
            {
               "type":"minecraft:item",
               "weight":5,
               "name":"minecraft:iron_chestplate"
            },
            {
               "type":"minecraft:item",
               "weight":5,
               "name":"minecraft:iron_leggings"
            },
            {
               "type":"minecraft:item",
               "weight":5,
               "name":"minecraft:iron_boots"
            },
            {
               "type":"minecraft:item",
               "weight":1,
               "name":"minecraft:ender_pearl"
            },
            {
               "type":"minecraft:item",
               "weight":5,
               "name":"minecraft:golden_carrot",
               "functions":[
                  {
                     "function":"minecraft:set_count",
                     "count":{
                        "min":1,
                        "max":2
                     }
                  }
               ]
            },
            {
               "type":"minecraft:item",
               "weight":2,
               "name":"minecraft:diamond_boots"
            },
            {
               "type":"minecraft:item",
               "weight":2,
               "name":"minecraft:diamond_helmet"
            },
            {
               "type":"minecraft:item",
               "weight":2,
               "name":"minecraft:diamond_chestplate"
            },
            {
               "type":"minecraft:item",
               "weight":2,
               "name":"minecraft:diamond_leggings"
            }
         ]
      }
   ]
}