{
  "minecraft:recipes/redstone/dispenser": {
    "criteria": {
      "has_bow": "2021-04-28 20:20:10 +0200"
    },
    "done": true
  },
  "minecraft:husbandry/balanced_diet": {
    "criteria": {
      "cooked_beef": "2021-04-28 20:27:27 +0200"
    },
    "done": false
  },
  "minecraft:husbandry/root": {
    "criteria": {
      "consumed_item": "2021-04-28 20:27:27 +0200"
    },
    "done": true
  },
  "minecraft:adventure/root": {
    "criteria": {
      "killed_by_something": "2021-04-28 20:18:09 +0200"
    },
    "done": true
  },
  "minecraft:story/shiny_gear": {
    "criteria": {
      "diamond_boots": "2021-04-28 20:20:10 +0200"
    },
    "done": true
  },
  "minecraft:adventure/shoot_arrow": {
    "criteria": {
      "shot_arrow": "2021-04-28 20:25:05 +0200"
    },
    "done": true
  },
  "minecraft:adventure/adventuring_time": {
    "criteria": {
      "minecraft:plains": "2021-04-28 20:16:27 +0200"
    },
    "done": false
  },
  "DataVersion": 2584
}