{"stats":{"minecraft:custom":{"minecraft:inspect_dropper":4,"minecraft:mob_kills":57,"minecraft:interact_with_anvil":1,"minecraft:inspect_hopper":1,"minecraft:tune_noteblock":986,"minecraft:open_barrel":17,"minecraft:play_one_minute":326470,"minecraft:leave_game":3,"minecraft:time_since_death":22690,"minecraft:climb_one_cm":24767,"minecraft:damage_resisted":442,"minecraft:time_since_rest":22701,"minecraft:sprint_one_cm":637636,"minecraft:damage_taken":4149,"minecraft:walk_one_cm":331931,"minecraft:drop":15,"minecraft:minecart_one_cm":5297,"minecraft:damage_dealt":11150,"minecraft:fly_one_cm":2064131,"minecraft:crouch_one_cm":70156,"minecraft:deaths":3,"minecraft:sneak_time":34045,"minecraft:walk_under_water_one_cm":1326,"minecraft:boat_one_cm":2330,"minecraft:jump":2706,"minecraft:walk_on_water_one_cm":7326,"minecraft:fall_one_cm":30038,"minecraft:inspect_dispenser":5},"minecraft:used":{"minecraft:water_bucket":6,"minecraft:netherite_sword":2,"minecraft:stone_sword":117,"minecraft:cobblestone_stairs":6,"minecraft:sandstone_stairs":1,"minecraft:dropper":3,"minecraft:polished_andesite":37,"minecraft:redstone":1,"minecraft:spruce_planks":3,"minecraft:sandstone":40,"minecraft:cobblestone_slab":5,"minecraft:smooth_sandstone_stairs":18,"minecraft:cracked_stone_bricks":14,"minecraft:rail":3,"minecraft:anvil":1,"minecraft:comparator":1,"minecraft:skeleton_spawn_egg":1,"minecraft:hopper":3,"minecraft:spruce_stairs":6,"minecraft:cobblestone_wall":5,"minecraft:crossbow":1,"minecraft:note_block":3,"minecraft:polished_diorite":4,"minecraft:oak_log":10,"minecraft:sticky_piston":6,"minecraft:stone_brick_slab":3,"minecraft:dark_prismarine":3,"minecraft:dark_oak_planks":14,"minecraft:lever":3,"minecraft:lava_bucket":39,"minecraft:apple":40,"minecraft:stripped_dark_oak_wood":7,"minecraft:quartz_pillar":5,"minecraft:command_block":6,"minecraft:quartz_slab":4,"minecraft:iron_axe":57,"minecraft:lantern":1,"minecraft:oak_button":4,"minecraft:smooth_sandstone":23,"minecraft:spruce_trapdoor":25,"minecraft:barrel":10,"minecraft:stone_brick_stairs":8,"minecraft:stone_bricks":60,"minecraft:stone_axe":16,"minecraft:birch_trapdoor":2,"minecraft:tripwire_hook":1,"minecraft:repeater":1,"minecraft:cobblestone":3,"minecraft:golden_carrot":4,"minecraft:yellow_glazed_terracotta":32,"minecraft:cooked_porkchop":4,"minecraft:chain_command_block":5,"minecraft:bucket":1,"minecraft:minecart":3,"minecraft:andesite":2,"minecraft:netherite_pickaxe":131,"minecraft:chain":2,"minecraft:gold_block":5,"minecraft:white_concrete":1,"minecraft:soul_torch":12},"minecraft:mined":{"minecraft:spawner":43,"minecraft:diamond_block":10,"minecraft:gold_block":72},"minecraft:killed_by":{"minecraft:zombie":2},"minecraft:picked_up":{"minecraft:golden_carrot":2,"minecraft:leather_leggings":1,"minecraft:chain":1,"minecraft:iron_axe":1,"minecraft:iron_leggings":1,"minecraft:leather_boots":2,"minecraft:apple":15,"minecraft:cooked_porkchop":7,"minecraft:soul_torch":115,"minecraft:redstone":1,"minecraft:diamond_chestplate":1,"minecraft:arrow":15,"minecraft:stone_axe":1,"minecraft:diamond":1364,"minecraft:lever":5,"minecraft:crossbow":1,"minecraft:oak_button":2,"minecraft:rail":1},"minecraft:dropped":{"minecraft:netherite_pickaxe":1,"minecraft:lever":1,"minecraft:soul_torch":83,"minecraft:sandstone_stairs":1,"minecraft:leather_chestplate":1,"minecraft:golden_carrot":1,"minecraft:diamond_chestplate":1,"minecraft:leather_boots":2,"minecraft:leather_leggings":1,"minecraft:iron_leggings":1,"minecraft:chain":1,"minecraft:arrow":15,"minecraft:bow":1},"minecraft:killed":{"minecraft:husk":14,"minecraft:cave_spider":1,"minecraft:spider":8,"minecraft:skeleton":11,"minecraft:pillager":1,"minecraft:zombie":16,"minecraft:bee":1,"minecraft:stray":1}},"DataVersion":2584}