{"stats":{"minecraft:used":{"minecraft:spruce_boat":3,"minecraft:jungle_boat":4,"minecraft:acacia_boat":25,"minecraft:dark_oak_boat":24,"minecraft:oak_boat":26},"minecraft:custom":{"minecraft:time_since_rest":106166,"minecraft:open_chest":43,"minecraft:crouch_one_cm":3061,"minecraft:play_one_minute":106166,"minecraft:sprint_one_cm":69815,"minecraft:damage_taken":485,"minecraft:walk_one_cm":69248,"minecraft:sneak_time":4005,"minecraft:drop":176,"minecraft:boat_one_cm":5522581,"minecraft:jump":374,"minecraft:damage_dealt":311,"minecraft:leave_game":2,"minecraft:time_since_death":106166,"minecraft:fall_one_cm":2820,"minecraft:fly_one_cm":2251141},"minecraft:picked_up":{"minecraft:birch_boat":2,"minecraft:spruce_boat":4,"minecraft:dark_oak_boat":5,"minecraft:acacia_boat":6},"minecraft:dropped":{"minecraft:acacia_boat":32,"minecraft:birch_boat":54,"minecraft:spruce_boat":28,"minecraft:jungle_boat":35,"minecraft:oak_boat":27}},"DataVersion":2586}