{"stats":{"minecraft:picked_up":{"minecraft:jungle_boat":10,"minecraft:dark_oak_boat":84,"minecraft:birch_planks":3,"minecraft:acacia_boat":33,"minecraft:acacia_planks":1,"minecraft:spruce_planks":1,"minecraft:oak_planks":3,"minecraft:egg":2,"minecraft:stick":14,"minecraft:birch_boat":12,"minecraft:jungle_planks":3,"minecraft:dark_oak_planks":9,"minecraft:spruce_boat":2},"minecraft:used":{"minecraft:acacia_boat":6,"minecraft:diorite":22,"minecraft:iron_bars":158,"minecraft:light_blue_glazed_terracotta":3,"minecraft:spruce_door":1,"minecraft:polished_andesite":1187,"minecraft:red_concrete":191,"minecraft:spruce_slab":60,"minecraft:redstone":42,"minecraft:poppy":5,"minecraft:ladder":12,"minecraft:blue_wool":17,"minecraft:orange_tulip":2,"minecraft:chest":22,"minecraft:spruce_planks":534,"minecraft:birch_boat":5,"minecraft:stone":1570,"minecraft:redstone_block":15,"minecraft:structure_block":12,"minecraft:jungle_boat":4,"minecraft:debug_stick":22,"minecraft:spruce_leaves":2,"minecraft:white_wool":301,"minecraft:diamond_block":58,"minecraft:dirt":44,"minecraft:rail":20,"minecraft:light_blue_concrete":411,"minecraft:light_blue_wool":3,"minecraft:birch_sign":4,"minecraft:yellow_concrete":50,"minecraft:blue_ice":2164,"minecraft:blackstone_wall":118,"minecraft:stone_brick_wall":328,"minecraft:spruce_fence":569,"minecraft:blue_concrete":96,"minecraft:snowball":5115,"minecraft:spruce_log":713,"minecraft:purple_stained_glass":2,"minecraft:obsidian":20,"minecraft:black_terracotta":22,"minecraft:spruce_boat":3,"minecraft:redstone_torch":4,"minecraft:glass":165,"minecraft:sticky_piston":124,"minecraft:black_wool":509,"minecraft:stone_brick_slab":278,"minecraft:sea_lantern":19,"minecraft:lever":1,"minecraft:packed_ice":1931,"minecraft:activator_rail":1,"minecraft:crying_obsidian":30,"minecraft:villager_spawn_egg":33,"minecraft:command_block":17,"minecraft:red_wool":319,"minecraft:iron_block":143,"minecraft:grass_block":255,"minecraft:map":26,"minecraft:slime_block":16,"minecraft:stone_button":2,"minecraft:spruce_pressure_plate":18,"minecraft:cyan_concrete":5,"minecraft:spruce_trapdoor":2,"minecraft:spruce_sapling":487,"minecraft:diorite_wall":26,"minecraft:stone_brick_stairs":12,"minecraft:stone_bricks":105,"minecraft:item_frame":51,"minecraft:light_gray_wool":5,"minecraft:diamond_sword":7,"minecraft:glowstone":36,"minecraft:repeater":5,"minecraft:redstone_lamp":12,"minecraft:snow":1515,"minecraft:dark_oak_boat":213,"minecraft:hay_block":135,"minecraft:dark_oak_fence":177,"minecraft:smooth_stone_slab":459,"minecraft:repeating_command_block":5,"minecraft:oak_boat":27,"minecraft:egg":352,"minecraft:white_concrete":217,"minecraft:dandelion":28,"minecraft:gray_wool":21,"minecraft:bone_meal":225,"minecraft:smooth_stone":326},"minecraft:killed":{"minecraft:villager":3},"minecraft:custom":{"minecraft:mob_kills":3,"minecraft:play_one_minute":1457482,"minecraft:leave_game":14,"minecraft:time_since_death":1457482,"minecraft:climb_one_cm":1327,"minecraft:time_since_rest":1457482,"minecraft:sprint_one_cm":750469,"minecraft:damage_taken":58,"minecraft:walk_one_cm":623261,"minecraft:drop":6,"minecraft:damage_dealt":1081,"minecraft:minecart_one_cm":398,"minecraft:fly_one_cm":13344184,"minecraft:open_chest":114,"minecraft:crouch_one_cm":47575,"minecraft:sneak_time":40122,"minecraft:boat_one_cm":32247834,"minecraft:jump":3369,"minecraft:fall_one_cm":10793},"minecraft:dropped":{"minecraft:acacia_boat":1,"minecraft:diamond_sword":1,"minecraft:spruce_boat":1,"minecraft:spruce_planks":1,"minecraft:oak_boat":2}},"DataVersion":2586}