{"stats":{"minecraft:used":{"minecraft:sticky_piston":35,"minecraft:redstone_torch":6,"minecraft:spruce_boat":34,"minecraft:piston":1,"minecraft:oak_fence":9,"minecraft:acacia_boat":9,"minecraft:packed_ice":132,"minecraft:quartz_slab":4,"minecraft:red_wool":13,"minecraft:snow_block":2,"minecraft:polished_andesite":12,"minecraft:redstone":58,"minecraft:slime_block":18,"minecraft:ladder":27,"minecraft:spruce_pressure_plate":11,"minecraft:birch_boat":28,"minecraft:redstone_block":10,"minecraft:oak_pressure_plate":1,"minecraft:polished_andesite_slab":1,"minecraft:stone_bricks":1,"minecraft:white_wool":13,"minecraft:repeater":8,"minecraft:dirt":78,"minecraft:diamond_sword":2,"minecraft:snow":7,"minecraft:dark_oak_boat":34,"minecraft:furnace":2,"minecraft:birch_sign":6,"minecraft:oak_boat":47,"minecraft:smooth_stone_slab":39,"minecraft:blue_ice":283,"minecraft:magenta_glazed_terracotta":31,"minecraft:stone_brick_wall":7,"minecraft:spruce_log":19},"minecraft:custom":{"minecraft:time_since_rest":327717,"minecraft:sprint_one_cm":148501,"minecraft:interact_with_furnace":1,"minecraft:damage_taken":1515,"minecraft:walk_one_cm":210435,"minecraft:mob_kills":1,"minecraft:drop":117,"minecraft:damage_dealt":1015,"minecraft:fly_one_cm":2083513,"minecraft:open_chest":43,"minecraft:crouch_one_cm":10345,"minecraft:play_one_minute":327717,"minecraft:sneak_time":9564,"minecraft:boat_one_cm":18421489,"minecraft:jump":1834,"minecraft:leave_game":6,"minecraft:walk_on_water_one_cm":762,"minecraft:time_since_death":327717,"minecraft:fall_one_cm":35962},"minecraft:picked_up":{"minecraft:stick":2,"minecraft:birch_boat":34,"minecraft:dark_oak_boat":25,"minecraft:diamond_sword":1,"minecraft:acacia_boat":7,"minecraft:repeating_command_block":1,"minecraft:acacia_planks":2,"minecraft:spruce_boat":6,"minecraft:oak_boat":18,"minecraft:oak_planks":3},"minecraft:killed":{"minecraft:villager":1},"minecraft:dropped":{"minecraft:acacia_boat":29,"minecraft:repeating_command_block":2,"minecraft:spruce_boat":26,"minecraft:polished_andesite_slab":1,"minecraft:oak_planks":3,"minecraft:birch_boat":9,"minecraft:dark_oak_boat":45,"minecraft:stick":2}},"DataVersion":2586}