{"stats":{"minecraft:used":{"minecraft:spruce_boat":3,"minecraft:oak_boat":1,"minecraft:dark_oak_boat":1},"minecraft:custom":{"minecraft:jump":36,"minecraft:open_chest":3,"minecraft:time_since_rest":15819,"minecraft:crouch_one_cm":133,"minecraft:play_one_minute":15819,"minecraft:leave_game":1,"minecraft:sprint_one_cm":6388,"minecraft:time_since_death":15819,"minecraft:walk_one_cm":10064,"minecraft:sneak_time":72,"minecraft:boat_one_cm":760190,"minecraft:fly_one_cm":10078},"minecraft:picked_up":{"minecraft:spruce_boat":2}},"DataVersion":2586}