{"stats":{"minecraft:used":{"minecraft:spruce_boat":131,"minecraft:oak_fence":3,"minecraft:acacia_boat":10,"minecraft:packed_ice":17,"minecraft:enchanting_table":1,"minecraft:snow_block":1,"minecraft:spruce_slab":3,"minecraft:polished_andesite":13,"minecraft:slime_block":2,"minecraft:netherite_axe":6,"minecraft:birch_boat":34,"minecraft:redstone_block":1,"minecraft:netherrack":18,"minecraft:bee_spawn_egg":2,"minecraft:diamond_sword":3,"minecraft:bow":267,"minecraft:rail":12,"minecraft:snow":15,"minecraft:dark_oak_boat":3,"minecraft:minecart":74,"minecraft:oak_boat":57,"minecraft:golden_pickaxe":9},"minecraft:mined":{"minecraft:netherrack":9},"minecraft:custom":{"minecraft:time_since_rest":166956,"minecraft:sprint_one_cm":212060,"minecraft:damage_taken":1065,"minecraft:walk_one_cm":157953,"minecraft:mob_kills":3,"minecraft:drop":3,"minecraft:minecart_one_cm":518,"minecraft:damage_dealt":1259,"minecraft:fly_one_cm":2794150,"minecraft:open_chest":24,"minecraft:play_one_minute":231862,"minecraft:crouch_one_cm":15870,"minecraft:deaths":2,"minecraft:sneak_time":10445,"minecraft:boat_one_cm":6167709,"minecraft:jump":2076,"minecraft:leave_game":2,"minecraft:time_since_death":166953,"minecraft:walk_on_water_one_cm":838,"minecraft:climb_one_cm":214,"minecraft:fall_one_cm":28292},"minecraft:picked_up":{"minecraft:stick":22,"minecraft:birch_boat":26,"minecraft:dark_oak_boat":3,"minecraft:acacia_boat":3,"minecraft:spruce_boat":26,"minecraft:spruce_planks":25,"minecraft:oak_boat":1},"minecraft:killed":{"minecraft:bee":2,"minecraft:villager":1},"minecraft:dropped":{"minecraft:birch_boat":3}},"DataVersion":2586}