{"stats":{"minecraft:used":{"minecraft:spruce_boat":8,"minecraft:oak_fence":7,"minecraft:flower_pot":2,"minecraft:acacia_boat":3,"minecraft:lever":13,"minecraft:packed_ice":402,"minecraft:crying_obsidian":71,"minecraft:villager_spawn_egg":21,"minecraft:snow_block":14,"minecraft:red_wool":3,"minecraft:carved_pumpkin":3,"minecraft:slime_block":6,"minecraft:grass_block":33,"minecraft:redstone":11,"minecraft:polished_andesite":62,"minecraft:carrot_on_a_stick":259,"minecraft:pig_spawn_egg":1,"minecraft:spruce_pressure_plate":2,"minecraft:birch_boat":1,"minecraft:item_frame":1,"minecraft:stone_bricks":3,"minecraft:netherrack":4,"minecraft:slime_spawn_egg":1,"minecraft:diamond_sword":2,"minecraft:dirt":100,"minecraft:rail":1,"minecraft:snow":383,"minecraft:dark_oak_boat":129,"minecraft:hay_block":21,"minecraft:chain_command_block":6,"minecraft:repeating_command_block":29,"minecraft:bucket":1,"minecraft:minecart":49,"minecraft:crossbow":1,"minecraft:blue_ice":1168,"minecraft:oak_boat":20,"minecraft:tropical_fish_bucket":1,"minecraft:spruce_log":57},"minecraft:custom":{"minecraft:time_since_rest":207852,"minecraft:sprint_one_cm":73466,"minecraft:damage_taken":625,"minecraft:walk_one_cm":349475,"minecraft:mob_kills":2,"minecraft:drop":9,"minecraft:minecart_one_cm":8921,"minecraft:damage_dealt":611,"minecraft:fly_one_cm":3234987,"minecraft:open_chest":27,"minecraft:pig_one_cm":135101,"minecraft:play_one_minute":305208,"minecraft:crouch_one_cm":37024,"minecraft:deaths":2,"minecraft:sneak_time":18505,"minecraft:boat_one_cm":7455725,"minecraft:jump":1240,"minecraft:walk_on_water_one_cm":671,"minecraft:leave_game":5,"minecraft:time_since_death":207851,"minecraft:fall_one_cm":5326},"minecraft:picked_up":{"minecraft:stick":2,"minecraft:birch_boat":1,"minecraft:dark_oak_boat":15,"minecraft:acacia_boat":2,"minecraft:repeating_command_block":2,"minecraft:spruce_planks":11,"minecraft:saddle":1},"minecraft:killed":{"minecraft:pig":1,"minecraft:snow_golem":1},"minecraft:dropped":{"minecraft:repeating_command_block":1,"minecraft:dark_oak_boat":8}},"DataVersion":2586}