{"stats":{"minecraft:used":{"minecraft:spruce_boat":4,"minecraft:jungle_boat":11,"minecraft:sticky_piston":18,"minecraft:acacia_boat":2,"minecraft:tripwire_hook":2,"minecraft:packed_ice":16,"minecraft:snow":4,"minecraft:dark_oak_boat":4,"minecraft:red_wool":101,"minecraft:grass_block":1,"minecraft:redstone":8,"minecraft:polished_andesite":1,"minecraft:string":20,"minecraft:oak_boat":2,"minecraft:birch_boat":1,"minecraft:stone":4,"minecraft:cobweb":37},"minecraft:custom":{"minecraft:time_since_rest":119106,"minecraft:open_chest":14,"minecraft:play_one_minute":119106,"minecraft:crouch_one_cm":572,"minecraft:sprint_one_cm":9795,"minecraft:damage_taken":46,"minecraft:walk_one_cm":45743,"minecraft:sneak_time":1567,"minecraft:boat_one_cm":5733247,"minecraft:jump":77,"minecraft:damage_dealt":128,"minecraft:leave_game":1,"minecraft:time_since_death":119106,"minecraft:fall_one_cm":2048,"minecraft:fly_one_cm":687604},"minecraft:picked_up":{"minecraft:stick":2,"minecraft:jungle_boat":8,"minecraft:spruce_boat":23,"minecraft:dark_oak_boat":1,"minecraft:birch_planks":3,"minecraft:acacia_boat":1}},"DataVersion":2586}